satCode,time_sec,is_vel_north,A_and_B_bits
102,133,TRUE,187959
103,133,FALSE,187959
215,133,TRUE,187959
504,133,FALSE,34760
505,133,FALSE,187959
102,136,TRUE,187780
103,136,FALSE,187780
215,136,TRUE,187780
504,136,FALSE,43920
505,136,FALSE,187780
102,137,TRUE,363706
103,137,FALSE,363706
215,137,TRUE,363706
504,137,FALSE,115499
505,137,FALSE,363706
102,138,TRUE,549150
103,138,FALSE,549150
215,138,TRUE,549150
504,138,FALSE,196236
505,138,FALSE,549150
102,139,TRUE,559208
103,139,FALSE,559208
214,139,TRUE,52361
215,139,TRUE,559208
504,139,FALSE,180612
505,139,FALSE,559208
102,141,TRUE,365322
103,141,FALSE,365322
214,141,TRUE,57929
215,141,TRUE,365322
504,141,FALSE,157345
505,141,FALSE,365322
102,142,TRUE,178440
103,142,FALSE,178440
215,142,TRUE,178440
504,142,FALSE,74272
505,142,FALSE,178440
102,144,TRUE,1216
103,144,FALSE,13376
215,144,TRUE,7296
505,144,FALSE,7296
102,145,TRUE,366040
103,145,FALSE,366040
214,145,TRUE,60443
215,145,TRUE,366040
504,145,FALSE,162554
505,145,FALSE,366040
102,146,TRUE,185542
103,146,FALSE,197702
214,146,TRUE,61700
215,146,TRUE,191622
504,146,FALSE,84330
505,146,FALSE,190406
102,147,TRUE,2432
103,147,FALSE,14592
215,147,TRUE,7296
505,147,FALSE,7296
102,149,TRUE,373377
103,149,FALSE,380673
214,149,TRUE,126993
215,149,TRUE,374593
504,149,FALSE,173329
505,149,FALSE,374593
102,150,TRUE,175028
103,150,FALSE,187188
214,150,TRUE,2432
215,150,TRUE,89291
504,150,FALSE,96363
505,150,FALSE,182324
102,152,TRUE,173771
103,152,FALSE,184715
215,152,TRUE,89609
504,152,FALSE,95465
505,152,FALSE,181067
102,153,TRUE,175387
103,153,FALSE,175387
215,153,TRUE,82893
504,153,FALSE,97261
505,153,FALSE,175387
102,154,TRUE,175926
103,154,FALSE,175926
215,154,TRUE,83432
504,154,FALSE,98159
505,154,FALSE,175926
102,155,TRUE,6080
103,155,FALSE,9728
214,155,TRUE,4864
504,155,FALSE,3648
505,155,FALSE,7296
102,156,TRUE,183761
103,156,FALSE,176465
214,156,TRUE,4864
215,156,TRUE,83971
504,156,FALSE,98698
505,156,FALSE,183761
102,157,TRUE,175926
103,157,FALSE,185654
215,157,TRUE,93160
504,157,FALSE,98698
505,157,FALSE,175926
102,158,TRUE,3648
103,158,FALSE,10944
215,158,TRUE,7296
505,158,FALSE,7296
103,160,FALSE,12160
215,160,TRUE,7296
505,160,FALSE,7296
215,165,TRUE,7296
504,165,FALSE,7296
505,165,FALSE,7296
215,166,TRUE,8512
504,166,FALSE,7296
505,166,FALSE,7296
102,167,TRUE,180708
103,167,FALSE,173412
215,167,TRUE,57749
504,167,FALSE,143598
505,167,FALSE,85228
215,168,TRUE,8512
504,168,FALSE,7296
505,168,FALSE,7296
102,172,TRUE,175926
103,172,FALSE,175926
215,172,TRUE,60623
504,172,FALSE,156709
505,172,FALSE,86126
102,175,TRUE,355735
103,175,FALSE,348439
215,175,TRUE,125627
504,175,FALSE,335426
505,175,FALSE,171466
102,176,TRUE,355418
103,176,FALSE,349338
215,176,TRUE,129813
504,176,FALSE,345319
505,176,FALSE,178762
102,177,TRUE,355983
103,177,FALSE,355983
215,177,TRUE,355983
504,177,FALSE,198654
505,177,FALSE,355983
102,178,TRUE,7296
215,178,TRUE,12160
504,178,FALSE,7296
505,178,FALSE,14592
102,179,TRUE,187353
103,179,FALSE,180057
215,179,TRUE,180057
504,179,FALSE,109227
505,179,FALSE,194649
215,180,TRUE,10944
102,182,TRUE,179877
103,182,FALSE,179877
215,182,TRUE,179877
504,182,FALSE,102649
505,182,FALSE,179877
102,183,TRUE,176106
103,183,FALSE,176106
215,183,TRUE,176106
504,183,FALSE,99416
505,183,FALSE,176106
102,185,TRUE,175028
103,185,FALSE,178676
214,185,TRUE,7296
215,185,TRUE,187188
504,185,FALSE,106174
505,185,FALSE,189620
102,186,TRUE,4864
214,186,TRUE,7296
504,186,FALSE,7296
505,186,FALSE,9728
215,187,TRUE,2432
102,188,TRUE,7296
214,188,TRUE,7296
215,188,TRUE,2432
504,188,FALSE,7296
505,188,FALSE,10944
102,192,TRUE,173412
103,192,FALSE,173412
214,192,TRUE,53618
215,192,TRUE,173412
504,192,FALSE,173412
505,192,FALSE,173412
102,193,TRUE,190474
103,193,FALSE,190474
215,193,TRUE,190474
504,193,FALSE,78403
505,193,FALSE,190474
102,194,TRUE,741600
103,194,FALSE,741600
214,194,TRUE,53439
215,194,TRUE,741600
504,194,FALSE,408263
505,194,FALSE,741600
102,195,TRUE,176700
103,195,FALSE,173052
214,195,TRUE,55055
215,195,TRUE,187644
504,195,FALSE,180348
505,195,FALSE,180348
215,196,TRUE,14592
504,196,FALSE,7296
505,196,FALSE,7296
102,197,TRUE,363706
103,197,FALSE,363706
214,197,TRUE,57749
215,197,TRUE,363706
504,197,FALSE,253970
505,197,FALSE,363706
102,198,TRUE,346105
103,198,FALSE,346105
214,198,TRUE,114780
215,198,TRUE,360697
504,198,FALSE,353401
505,198,FALSE,353401
102,199,TRUE,1216
214,199,TRUE,4864
215,199,TRUE,13376
504,199,FALSE,7296
505,199,FALSE,7296
102,200,TRUE,191012
103,200,FALSE,191012
214,200,TRUE,7296
215,200,TRUE,191012
504,200,FALSE,83073
505,200,FALSE,191012
215,201,TRUE,14592
504,201,FALSE,7296
505,201,FALSE,14592
102,202,TRUE,3648
214,202,TRUE,7296
504,202,FALSE,7296
505,202,FALSE,14592
214,203,TRUE,7296
215,203,TRUE,12160
504,204,FALSE,7296
505,204,FALSE,21888
101,205,TRUE,24164
102,205,TRUE,179215
103,205,FALSE,175567
214,205,TRUE,7296
215,205,TRUE,90743
504,205,FALSE,182863
505,205,FALSE,98675
101,206,TRUE,61177
102,206,TRUE,527059
103,206,FALSE,527059
215,206,TRUE,233234
504,206,FALSE,484853
505,206,FALSE,219584
101,207,TRUE,11772
102,207,TRUE,172334
103,207,FALSE,185710
214,207,TRUE,9728
215,207,TRUE,79413
504,207,FALSE,144028
505,207,FALSE,72285
102,208,TRUE,7296
103,208,FALSE,7296
214,208,TRUE,12160
215,208,TRUE,7296
505,208,FALSE,9728
102,209,TRUE,185804
103,209,FALSE,185804
215,209,TRUE,185804
504,209,FALSE,92082
505,209,FALSE,104804
101,210,TRUE,75007
102,210,TRUE,722495
103,210,FALSE,726143
214,210,TRUE,10944
215,210,TRUE,425078
504,210,FALSE,549608
505,210,FALSE,321420
102,211,TRUE,189396
103,211,FALSE,197908
214,211,TRUE,7296
215,211,TRUE,212500
504,211,FALSE,96034
505,211,FALSE,108935
101,212,TRUE,25421
102,212,TRUE,179877
103,212,FALSE,179877
215,212,TRUE,80379
504,212,FALSE,150423
505,212,FALSE,79967
101,213,TRUE,40867
102,213,TRUE,180708
103,213,FALSE,173412
215,213,TRUE,75889
504,213,FALSE,173412
505,213,FALSE,68346
101,214,TRUE,74729
102,214,TRUE,737828
103,214,FALSE,737828
214,214,TRUE,228287
215,214,TRUE,540447
504,214,FALSE,549248
505,214,FALSE,519435
102,215,TRUE,7296
103,215,FALSE,8512
214,215,TRUE,12160
215,215,TRUE,3648
504,215,FALSE,3648
505,215,FALSE,3648
102,216,TRUE,379870
103,216,FALSE,387166
214,216,TRUE,127920
215,216,TRUE,379870
504,216,FALSE,201942
505,216,FALSE,301081
102,217,TRUE,192326
103,217,FALSE,188678
215,217,TRUE,188678
504,217,FALSE,88102
505,217,FALSE,106062
102,218,TRUE,375919
103,218,FALSE,375919
214,218,TRUE,130393
215,218,TRUE,378351
504,218,FALSE,211090
505,218,FALSE,292225
214,219,TRUE,7296
215,219,TRUE,3648
102,220,TRUE,194481
103,220,FALSE,190833
214,220,TRUE,117915
215,220,TRUE,190833
504,220,FALSE,126760
505,220,FALSE,190833
214,221,TRUE,7296
215,221,TRUE,4864
505,221,FALSE,2432
102,222,TRUE,197410
103,222,FALSE,190114
214,222,TRUE,132010
215,222,TRUE,193762
504,222,FALSE,127478
505,222,FALSE,190114
505,223,FALSE,3648
102,224,TRUE,1216
214,224,TRUE,12160
215,224,TRUE,4864
504,224,FALSE,12160
505,224,FALSE,3648
214,225,TRUE,7296
215,225,TRUE,7296
504,225,FALSE,14592
102,227,TRUE,7296
103,227,FALSE,7296
214,227,TRUE,7296
215,227,TRUE,7296
504,227,FALSE,7296
505,227,FALSE,7296
102,228,TRUE,185984
103,228,FALSE,193280
214,228,TRUE,126109
215,228,TRUE,193280
504,228,FALSE,148200
505,228,FALSE,193280
102,229,TRUE,378724
103,229,FALSE,371428
214,229,TRUE,237986
215,229,TRUE,371428
504,229,FALSE,289710
505,229,FALSE,371428
103,230,FALSE,7296
214,230,TRUE,7296
215,230,TRUE,7296
504,230,FALSE,7296
505,230,FALSE,7296
102,231,TRUE,7296
101,232,TRUE,17339
102,232,TRUE,174130
103,232,FALSE,181426
214,232,TRUE,7296
215,232,TRUE,174130
504,232,FALSE,188722
505,232,FALSE,185074
101,233,TRUE,20752
102,233,TRUE,551485
103,233,FALSE,551485
214,233,TRUE,241039
215,233,TRUE,567293
504,233,FALSE,493654
505,233,FALSE,551485
101,234,TRUE,48508
102,234,TRUE,350554
103,234,FALSE,349338
214,234,TRUE,7296
215,234,TRUE,359066
504,234,FALSE,363930
505,234,FALSE,356634
101,235,TRUE,25421
102,235,TRUE,534244
103,235,FALSE,534244
214,235,TRUE,139026
215,235,TRUE,534244
504,235,FALSE,534244
505,235,FALSE,534244
102,236,TRUE,191704
103,236,FALSE,192920
214,236,TRUE,131718
215,236,TRUE,203864
504,236,FALSE,173206
505,236,FALSE,191704
101,237,TRUE,32246
102,237,TRUE,186455
103,237,FALSE,179159
215,237,TRUE,197399
504,237,FALSE,179159
505,237,FALSE,187671
504,238,FALSE,14592
101,239,TRUE,9616
102,239,TRUE,182227
103,239,FALSE,177363
214,239,TRUE,71399
215,239,TRUE,190739
504,239,FALSE,191955
505,239,FALSE,191955
101,240,TRUE,12131
102,240,TRUE,180955
103,240,FALSE,180955
214,240,TRUE,76248
215,240,TRUE,180955
504,240,FALSE,180955
505,240,FALSE,180955
102,241,TRUE,4864
214,241,TRUE,7296
215,241,TRUE,10944
504,241,FALSE,12160
505,241,FALSE,14592
101,242,TRUE,34858
102,242,TRUE,360473
103,242,FALSE,360473
214,242,TRUE,151778
215,242,TRUE,367769
504,242,FALSE,375065
505,242,FALSE,375065
102,243,TRUE,2432
215,244,TRUE,7296
504,244,FALSE,14592
505,244,FALSE,20672
102,245,TRUE,2432
214,245,TRUE,7296
504,245,FALSE,20672
102,247,TRUE,4864
215,247,TRUE,7296
504,247,FALSE,7296
505,247,FALSE,14592
214,248,TRUE,6080
215,248,TRUE,7296
504,248,FALSE,7296
505,248,FALSE,14592
102,249,TRUE,7296
214,250,TRUE,1216
215,250,TRUE,7296
504,250,FALSE,13376
505,250,FALSE,14592
102,251,TRUE,7296
214,251,TRUE,2432
215,251,TRUE,7296
504,251,FALSE,14592
505,251,FALSE,14592
102,255,TRUE,6080
214,255,TRUE,8512
215,255,TRUE,17024
504,255,FALSE,14592
505,255,FALSE,21888
214,256,TRUE,7296
215,256,TRUE,27968
505,256,FALSE,21888
102,257,TRUE,378628
103,257,FALSE,373764
214,257,TRUE,109212
215,257,TRUE,373764
504,257,FALSE,249330
505,257,FALSE,373764
214,258,TRUE,7296
215,258,TRUE,18240
504,258,FALSE,14592
505,258,FALSE,12160
102,259,TRUE,566103
103,259,FALSE,557591
214,259,TRUE,63804
215,259,TRUE,583127
504,259,FALSE,354104
505,259,FALSE,562650
102,260,TRUE,187959
103,260,FALSE,187959
214,260,TRUE,100853
215,260,TRUE,187959
504,260,FALSE,146322
505,260,FALSE,187959
102,261,TRUE,198944
103,261,FALSE,189216
214,261,TRUE,109227
215,261,TRUE,214752
504,261,FALSE,137851
505,261,FALSE,201376
214,262,TRUE,7296
215,262,TRUE,17024
504,262,FALSE,9728
505,262,FALSE,9728
101,263,TRUE,33242
102,263,TRUE,570553
103,263,FALSE,560825
214,263,TRUE,166962
215,263,TRUE,560825
504,263,FALSE,401699
505,263,FALSE,530831
102,264,TRUE,186882
103,264,FALSE,186882
214,264,TRUE,108508
215,264,TRUE,209986
504,264,FALSE,160166
505,264,FALSE,205122
102,265,TRUE,197867
103,265,FALSE,188139
214,265,TRUE,103547
215,265,TRUE,212459
504,265,FALSE,150423
505,265,FALSE,188139
102,267,TRUE,7296
215,267,TRUE,17024
504,267,FALSE,7296
505,267,FALSE,6080
214,268,TRUE,1216
215,268,TRUE,15808
504,268,FALSE,7296
505,268,FALSE,7296
102,269,TRUE,7296
214,270,TRUE,7296
215,270,TRUE,14592
504,270,FALSE,7296
505,270,FALSE,10944
214,271,TRUE,7296
215,271,TRUE,25536
505,271,FALSE,14592
504,272,FALSE,14592
102,273,TRUE,2432
214,273,TRUE,7296
215,273,TRUE,18240
505,273,FALSE,14592
214,274,TRUE,14592
215,274,TRUE,7296
504,274,FALSE,14592
505,274,FALSE,19456
504,275,FALSE,14592
102,277,TRUE,6080
214,277,TRUE,7296
215,277,TRUE,13376
504,277,FALSE,7296
505,277,FALSE,12160
102,278,TRUE,4864
214,278,TRUE,7296
215,278,TRUE,17024
505,278,FALSE,7296
504,279,FALSE,7296
102,280,TRUE,4864
214,280,TRUE,7296
215,280,TRUE,20672
505,280,FALSE,9728
102,281,TRUE,7296
214,281,TRUE,7296
504,281,FALSE,7296
505,281,FALSE,15808
215,282,TRUE,19456
102,284,TRUE,3648
214,284,TRUE,7296
215,284,TRUE,14592
504,284,FALSE,14592
505,284,FALSE,14592
102,285,TRUE,6080
214,285,TRUE,7296
215,285,TRUE,14592
505,285,FALSE,14592
102,287,TRUE,12160
214,287,TRUE,20672
215,287,TRUE,19456
504,287,FALSE,13376
505,287,FALSE,24320
102,288,TRUE,12160
214,288,TRUE,20672
215,288,TRUE,18240
504,288,FALSE,10944
505,288,FALSE,15808
102,290,TRUE,12160
214,290,TRUE,21888
215,290,TRUE,19456
504,290,FALSE,13376
505,290,FALSE,17024
214,291,TRUE,20672
215,291,TRUE,18240
504,291,FALSE,9728
505,291,FALSE,14592
102,293,TRUE,9728
214,293,TRUE,21888
215,293,TRUE,19456
504,293,FALSE,13376
505,293,FALSE,18240
214,294,TRUE,21888
215,294,TRUE,15808
504,294,FALSE,12160
505,294,FALSE,15808
214,296,TRUE,9728
215,296,TRUE,17024
504,296,FALSE,29184
505,296,FALSE,14592
102,297,FALSE,4864
214,298,TRUE,14592
215,298,TRUE,13376
504,298,FALSE,12160
505,298,FALSE,14592
102,299,FALSE,4864
504,305,FALSE,29184
102,307,FALSE,4864
214,307,TRUE,7296
215,307,TRUE,21888
504,307,FALSE,9728
505,307,FALSE,15808
102,308,FALSE,7296
214,308,TRUE,7296
215,308,TRUE,21888
504,308,FALSE,7296
505,308,FALSE,19456
102,310,FALSE,7296
214,310,TRUE,7296
215,310,TRUE,21888
504,310,FALSE,14592
505,310,FALSE,19456
102,311,FALSE,2432
214,311,TRUE,7296
215,311,TRUE,21888
504,311,FALSE,12160
505,311,FALSE,19456
102,313,FALSE,7296
214,313,TRUE,7296
215,313,TRUE,21888
504,313,FALSE,12160
505,313,FALSE,7296
102,314,FALSE,7296
214,314,TRUE,15808
215,314,TRUE,6080
504,314,FALSE,4864
505,314,FALSE,19456
102,316,FALSE,7296
214,316,TRUE,6080
215,316,TRUE,6080
504,316,FALSE,14592
505,316,FALSE,14592
214,317,TRUE,15808
215,317,TRUE,7296
505,317,FALSE,15808
102,318,FALSE,7296
504,318,FALSE,12160
102,319,FALSE,4864
214,319,TRUE,14592
215,319,TRUE,6080
504,319,FALSE,14592
505,319,FALSE,12160
214,320,TRUE,14592
505,320,FALSE,14592
102,321,FALSE,6080
215,321,TRUE,14592
504,321,FALSE,18240
102,322,FALSE,4864
214,322,TRUE,14592
215,322,TRUE,10944
505,322,FALSE,14592
214,323,TRUE,14592
504,323,FALSE,9728
505,323,FALSE,21888
102,324,FALSE,12160
215,324,TRUE,7296
102,325,FALSE,12160
214,325,TRUE,6080
215,325,TRUE,8512
504,325,FALSE,12160
505,325,FALSE,12160
102,327,FALSE,12160
214,327,TRUE,14592
215,327,TRUE,7296
504,327,FALSE,14592
505,327,FALSE,10944
102,328,FALSE,14592
214,328,TRUE,20672
215,328,TRUE,8512
505,328,FALSE,9728
504,329,FALSE,14592
102,330,FALSE,12160
214,330,TRUE,14592
215,330,TRUE,14592
505,330,FALSE,10944
214,331,TRUE,21888
215,331,TRUE,14592
504,331,FALSE,12160
505,331,FALSE,10944
102,332,FALSE,4864
504,332,FALSE,12160
214,333,TRUE,17024
215,333,TRUE,13376
505,333,FALSE,21888
102,334,FALSE,4864
214,334,TRUE,14592
215,334,TRUE,19456
504,334,FALSE,14592
505,334,FALSE,7296
504,335,FALSE,12160
102,337,FALSE,7296
214,337,TRUE,14592
215,337,TRUE,15808
504,337,FALSE,26752
505,337,FALSE,7296
102,338,FALSE,2432
214,338,TRUE,14592
215,338,TRUE,14592
504,338,FALSE,29184
505,338,FALSE,6080
102,340,FALSE,7296
214,340,TRUE,14592
215,340,TRUE,20672
504,340,FALSE,21888
505,340,FALSE,7296
102,341,FALSE,9728
214,341,TRUE,14592
215,341,TRUE,20672
504,341,FALSE,29184
505,341,FALSE,7296
102,343,FALSE,7296
214,343,TRUE,14592
215,343,TRUE,21888
504,343,FALSE,26752
505,343,FALSE,7296
102,344,FALSE,9728
214,344,TRUE,14592
215,344,TRUE,12160
504,344,FALSE,26752
505,344,FALSE,19456
102,346,FALSE,9728
214,346,TRUE,14592
215,346,TRUE,19456
504,346,FALSE,9728
505,346,FALSE,7296
214,347,TRUE,15808
215,347,TRUE,21888
504,347,FALSE,14592
505,347,FALSE,1216
102,349,FALSE,9728
214,349,TRUE,14592
215,349,TRUE,15808
504,349,FALSE,12160
505,349,FALSE,7296
214,350,TRUE,14592
215,350,TRUE,19456
504,350,FALSE,17024
505,350,FALSE,7296
102,352,FALSE,12160
214,352,TRUE,10944
215,352,TRUE,6080
504,352,FALSE,9728
505,352,FALSE,7296
102,353,FALSE,13376
214,353,TRUE,12160
215,353,TRUE,13376
505,353,FALSE,13376
504,354,FALSE,12160
214,355,TRUE,12160
504,355,FALSE,10944
102,357,FALSE,9728
214,357,TRUE,12160
215,357,TRUE,4864
504,357,FALSE,14592
505,357,FALSE,10944
102,358,FALSE,9728
214,358,TRUE,21888
215,358,TRUE,3648
505,358,FALSE,10944
504,359,FALSE,14592
102,365,FALSE,7296
214,365,TRUE,18240
215,365,TRUE,4864
504,365,FALSE,17024
214,366,TRUE,14592
215,366,TRUE,7296
505,366,FALSE,3648
505,367,FALSE,3648
102,368,FALSE,14592
214,368,TRUE,8512
215,368,TRUE,7296
504,368,FALSE,17024
102,369,FALSE,2432
214,369,TRUE,17024
215,369,TRUE,7296
505,369,FALSE,4864
504,370,FALSE,17024
102,371,FALSE,7296
214,371,TRUE,14592
215,371,TRUE,7296
214,372,TRUE,13376
215,372,TRUE,7296
102,373,FALSE,7296
504,373,FALSE,17024
214,374,TRUE,21888
215,374,TRUE,4864
505,374,FALSE,7296
102,375,FALSE,4864
214,375,TRUE,14592
215,375,TRUE,7296
504,375,FALSE,17024
505,375,FALSE,6080
102,377,FALSE,19456
214,377,TRUE,18240
215,377,TRUE,7296
504,377,FALSE,14592
505,377,FALSE,6080
214,378,TRUE,14592
215,378,TRUE,7296
504,378,FALSE,12160
505,378,FALSE,6080
102,379,FALSE,19456
214,380,TRUE,13376
215,380,TRUE,7296
504,380,FALSE,14592
505,380,FALSE,6080
102,381,FALSE,2432
214,381,TRUE,13376
215,381,TRUE,7296
504,381,FALSE,9728
505,381,FALSE,3648
102,383,FALSE,15808
214,383,TRUE,12160
215,383,TRUE,7296
504,383,FALSE,14592
101,384,TRUE,2432
214,384,TRUE,10944
215,384,TRUE,7296
102,385,FALSE,4864
504,385,FALSE,12160
214,386,TRUE,18240
215,386,TRUE,7296
102,387,FALSE,4864
504,387,FALSE,9728
102,388,FALSE,9728
214,388,TRUE,14592
215,388,TRUE,6080
504,388,FALSE,21888
214,389,TRUE,12160
215,389,TRUE,6080
102,390,FALSE,13376
504,390,FALSE,7296
102,391,FALSE,13376
214,391,TRUE,12160
215,391,TRUE,6080
504,391,FALSE,17024
214,392,TRUE,10944
215,392,TRUE,2432
101,393,TRUE,7296
102,393,FALSE,9728
504,393,FALSE,19456
102,394,FALSE,14592
214,394,TRUE,14592
215,394,TRUE,3648
504,394,FALSE,20672
101,395,TRUE,7296
214,395,TRUE,15808
215,395,TRUE,3648
101,397,TRUE,9728
102,397,FALSE,12160
214,397,TRUE,14592
504,397,FALSE,14592
102,398,FALSE,6080
214,398,TRUE,12160
101,399,TRUE,9728
504,399,FALSE,19456
102,400,FALSE,14592
214,400,TRUE,12160
101,401,TRUE,12160
102,401,FALSE,14592
214,401,TRUE,10944
504,401,FALSE,9728
504,402,FALSE,29184
101,403,TRUE,2432
102,403,FALSE,14592
214,403,TRUE,14592
214,404,TRUE,15808
504,404,FALSE,19456
102,405,FALSE,7296
504,405,FALSE,18240
101,407,TRUE,7296
214,407,TRUE,12160
504,407,FALSE,24320
504,408,FALSE,14592
101,409,TRUE,2432
102,409,FALSE,2432
214,409,TRUE,12160
101,410,TRUE,7296
102,410,FALSE,9728
214,410,TRUE,10944
504,410,FALSE,14592
504,411,FALSE,14592
101,412,TRUE,9728
102,412,FALSE,9728
214,412,TRUE,8512
101,413,TRUE,2432
102,413,FALSE,2432
214,413,TRUE,12160
504,413,FALSE,14592
504,414,FALSE,14592
101,415,TRUE,9728
102,415,FALSE,9728
214,415,TRUE,9728
102,416,FALSE,9728
214,416,TRUE,12160
504,416,FALSE,19456
101,417,TRUE,4864
101,418,TRUE,12160
102,418,FALSE,2432
214,418,TRUE,13376
504,418,FALSE,17024
101,420,TRUE,9728
102,420,FALSE,9728
214,420,TRUE,13376
504,420,FALSE,15808
101,421,TRUE,6080
102,421,FALSE,3648
214,421,TRUE,9728
504,421,FALSE,12160
101,423,TRUE,4864
102,423,FALSE,12160
214,423,TRUE,14592
504,423,FALSE,12160
101,424,TRUE,6080
214,424,TRUE,10944
504,424,FALSE,9728
102,425,FALSE,9728
101,426,TRUE,9728
102,426,FALSE,12160
214,426,TRUE,13376
504,426,FALSE,18240
101,428,TRUE,2432
102,428,FALSE,9728
214,428,TRUE,14592
504,428,FALSE,14592
102,429,FALSE,12160
214,429,TRUE,12160
504,429,FALSE,19456
101,430,TRUE,2432
101,431,TRUE,4864
102,431,FALSE,6080
214,431,TRUE,10944
504,431,FALSE,18240
102,432,FALSE,12160
214,432,TRUE,12160
504,432,FALSE,9728
101,433,TRUE,4864
101,434,TRUE,7296
102,434,FALSE,2432
214,434,TRUE,9728
504,434,FALSE,9728
102,435,FALSE,12160
214,435,TRUE,13376
504,435,FALSE,17024
101,437,TRUE,4864
102,437,FALSE,9728
214,437,TRUE,7296
504,437,FALSE,17024
102,438,FALSE,4864
214,438,TRUE,14592
504,438,FALSE,14592
101,439,TRUE,4864
102,440,FALSE,9728
214,440,TRUE,3648
504,440,FALSE,21888
101,441,TRUE,7296
102,441,FALSE,4864
214,441,TRUE,15808
504,441,FALSE,14592
101,442,TRUE,4864
102,443,FALSE,2432
214,443,TRUE,17024
504,443,FALSE,14592
101,444,TRUE,7296
214,444,TRUE,9728
504,444,FALSE,14592
101,445,TRUE,7296
102,445,FALSE,12160
101,447,TRUE,4864
102,447,FALSE,4864
214,447,TRUE,13376
504,447,FALSE,13376
101,448,TRUE,7296
102,448,FALSE,7296
214,448,TRUE,15808
504,448,FALSE,19456
101,450,TRUE,9728
214,450,TRUE,4864
504,450,FALSE,17024
214,451,TRUE,17024
101,452,TRUE,13376
102,452,FALSE,9728
504,452,FALSE,31616
214,453,TRUE,7296
504,453,FALSE,19456
101,454,TRUE,7296
102,454,FALSE,12160
213,454,TRUE,1216
214,454,TRUE,17024
102,455,FALSE,10944
504,455,FALSE,15808
101,457,TRUE,2432
102,457,FALSE,7296
214,457,TRUE,14592
504,457,FALSE,13376
102,458,FALSE,12160
214,458,TRUE,7296
504,458,FALSE,15808
101,459,TRUE,2432
213,459,TRUE,2432
102,460,FALSE,7296
214,460,TRUE,6080
504,460,FALSE,14592
101,461,TRUE,4864
102,461,FALSE,2432
214,461,TRUE,9728
504,461,FALSE,14592
213,462,TRUE,2432
101,463,TRUE,2432
214,463,TRUE,10944
504,463,FALSE,34048
214,464,TRUE,9728
504,464,FALSE,21888
101,465,TRUE,2432
213,466,TRUE,3648
214,466,TRUE,14592
504,466,FALSE,6080
101,467,TRUE,4864
214,467,TRUE,12160
504,467,FALSE,14592
213,468,TRUE,4864
101,469,TRUE,4864
213,469,TRUE,6080
214,469,TRUE,2432
504,469,FALSE,14592
101,470,TRUE,2432
214,470,TRUE,9728
504,470,FALSE,14592
213,471,TRUE,6080
101,472,TRUE,2432
213,472,TRUE,7296
214,472,TRUE,8512
503,472,FALSE,2432
504,472,FALSE,13376
504,473,FALSE,42560
101,474,TRUE,9728
213,474,TRUE,7296
214,474,TRUE,8512
503,474,FALSE,3648
213,475,TRUE,6080
214,475,TRUE,17024
503,475,FALSE,4864
504,475,FALSE,4864
101,477,TRUE,9728
213,477,TRUE,7296
214,477,TRUE,14592
503,477,FALSE,4864
504,477,FALSE,20672
213,478,TRUE,7296
214,478,TRUE,7296
503,478,FALSE,4864
504,478,FALSE,14592
101,479,TRUE,2432
213,480,TRUE,7296
214,480,TRUE,13376
503,480,FALSE,4864
504,480,FALSE,12160
101,481,TRUE,12160
213,481,TRUE,7296
214,481,TRUE,9728
503,481,FALSE,4864
504,481,FALSE,14592
101,483,TRUE,12160
213,483,TRUE,7296
214,483,TRUE,10944
503,483,FALSE,15808
504,483,FALSE,25536
213,484,TRUE,7296
214,484,TRUE,9728
503,484,FALSE,9728
504,484,FALSE,27968
101,485,TRUE,9728
213,486,TRUE,7296
214,486,TRUE,12160
503,486,FALSE,13376
504,486,FALSE,29184
101,487,TRUE,4864
213,487,TRUE,7296
214,487,TRUE,2432
503,487,FALSE,25536
504,487,FALSE,14592
101,488,TRUE,2432
213,489,TRUE,7296
214,489,TRUE,14592
503,489,FALSE,24320
504,489,FALSE,29184
101,490,TRUE,4864
213,490,TRUE,7296
214,490,TRUE,9728
503,490,FALSE,26752
504,490,FALSE,14592
101,491,TRUE,4864
213,492,TRUE,7296
214,492,TRUE,17024
503,492,FALSE,26752
504,492,FALSE,29184
101,493,TRUE,4864
213,493,TRUE,18240
214,493,TRUE,9728
503,493,FALSE,26752
504,493,FALSE,29184
101,494,TRUE,4864
213,495,TRUE,12160
214,495,TRUE,12160
503,495,FALSE,25536
504,495,FALSE,34048
213,496,TRUE,12160
214,496,TRUE,12160
503,496,FALSE,29184
504,496,FALSE,12160
101,497,TRUE,2432
213,498,TRUE,14592
214,498,TRUE,17024
503,498,FALSE,9728
504,498,FALSE,10944
101,499,TRUE,2432
213,499,TRUE,14592
214,499,TRUE,12160
503,499,FALSE,9728
504,499,FALSE,18240
101,500,TRUE,4864
213,501,TRUE,7296
214,501,TRUE,10944
503,501,FALSE,26752
504,501,FALSE,25536
101,502,TRUE,4864
213,502,TRUE,20672
214,502,TRUE,12160
503,502,FALSE,9728
504,502,FALSE,17024
213,504,TRUE,17024
214,504,TRUE,9728
503,504,FALSE,29184
504,504,FALSE,27968
101,505,TRUE,2432
213,505,TRUE,13376
214,505,TRUE,9728
503,505,FALSE,17024
504,505,FALSE,12160
101,507,TRUE,4864
504,507,FALSE,9728
101,508,TRUE,2432
213,508,TRUE,15808
214,508,TRUE,10944
503,508,FALSE,2432
504,508,FALSE,18240
503,509,FALSE,9728
101,510,TRUE,4864
213,510,TRUE,8512
214,510,TRUE,6080
504,510,FALSE,17024
503,511,FALSE,9728
504,511,FALSE,23104
101,512,TRUE,2432
213,512,TRUE,19456
214,512,TRUE,8512
503,512,FALSE,9728
213,513,TRUE,14592
214,513,TRUE,9728
504,513,FALSE,14592
101,514,TRUE,2432
503,514,FALSE,13376
504,514,FALSE,10944
101,515,TRUE,4864
213,515,TRUE,14592
214,515,TRUE,12160
503,515,FALSE,3648
101,517,TRUE,2432
503,517,FALSE,17024
504,517,FALSE,17024
213,518,TRUE,6080
214,518,TRUE,9728
503,518,FALSE,13376
504,518,FALSE,10944
101,519,TRUE,2432
213,519,TRUE,12160
214,519,TRUE,1216
101,520,TRUE,3648
503,520,FALSE,14592
504,520,FALSE,12160
213,521,TRUE,7296
214,521,TRUE,12160
503,521,FALSE,15808
504,521,FALSE,12160
213,522,TRUE,10944
214,522,TRUE,8512
101,523,TRUE,4864
503,523,FALSE,2432
504,523,FALSE,21888
213,524,TRUE,7296
214,524,TRUE,14592
503,524,FALSE,12160
504,524,FALSE,19456
101,526,TRUE,4864
213,526,TRUE,21888
214,526,TRUE,2432
503,526,FALSE,17024
504,526,FALSE,23104
213,527,TRUE,7296
214,527,TRUE,17024
503,527,FALSE,25536
504,527,FALSE,25536
101,528,TRUE,7296
213,529,TRUE,7296
214,529,TRUE,9728
503,529,FALSE,20672
504,529,FALSE,21888
101,530,TRUE,2432
213,530,TRUE,17024
214,530,TRUE,9728
503,530,FALSE,13376
504,530,FALSE,17024
101,533,TRUE,4864
213,533,TRUE,27968
214,533,TRUE,9728
503,533,FALSE,14592
504,533,FALSE,20672
213,534,TRUE,7296
214,534,TRUE,2432
503,534,FALSE,14592
504,534,FALSE,27968
101,536,TRUE,2432
213,536,TRUE,21888
214,536,TRUE,3648
503,536,FALSE,23104
504,536,FALSE,27968
213,537,TRUE,14592
214,537,TRUE,9728
503,537,FALSE,12160
504,537,FALSE,26752
101,538,TRUE,2432
101,539,TRUE,2432
213,539,TRUE,8512
214,539,TRUE,10944
503,539,FALSE,15808
504,539,FALSE,7296
213,540,TRUE,9728
214,540,TRUE,4864
503,540,FALSE,13376
504,540,FALSE,15808
101,541,TRUE,4864
213,542,TRUE,8512
214,542,TRUE,8512
503,542,FALSE,13376
504,542,FALSE,19456
101,543,TRUE,4864
213,543,TRUE,7296
214,543,TRUE,8512
503,543,FALSE,12160
504,543,FALSE,18240
101,545,TRUE,4864
213,545,TRUE,7296
214,545,TRUE,8512
503,545,FALSE,24320
504,545,FALSE,17024
213,546,TRUE,8512
214,546,TRUE,7296
503,546,FALSE,9728
504,546,FALSE,10944
101,547,TRUE,2432
213,548,TRUE,15808
214,548,TRUE,1216
503,548,FALSE,12160
504,548,FALSE,3648
101,549,TRUE,2432
213,549,TRUE,17024
214,549,TRUE,3648
503,549,FALSE,24320
504,549,FALSE,15808
213,551,TRUE,24320
214,551,TRUE,21888
503,551,FALSE,20672
504,551,FALSE,14592
101,552,TRUE,2432
213,552,TRUE,17024
214,552,TRUE,3648
503,552,FALSE,6080
504,552,FALSE,14592
101,554,TRUE,8512
213,554,TRUE,17024
214,554,TRUE,7296
503,554,FALSE,23104
504,554,FALSE,14592
503,555,FALSE,14592
504,555,FALSE,13376
101,557,TRUE,10944
213,557,TRUE,9728
214,557,TRUE,6080
503,557,FALSE,12160
504,557,FALSE,14592
213,558,TRUE,9728
214,558,TRUE,4864
503,558,FALSE,26752
504,558,FALSE,15808
101,559,TRUE,2432
213,560,TRUE,20672
214,560,TRUE,15808
503,560,FALSE,17024
504,560,FALSE,10944
101,561,TRUE,2432
213,561,TRUE,25536
214,561,TRUE,20672
503,561,FALSE,7296
504,561,FALSE,12160
101,563,TRUE,7296
213,563,TRUE,9728
214,563,TRUE,6080
503,563,FALSE,13376
504,563,FALSE,13376
101,564,TRUE,9728
213,564,TRUE,8512
214,564,TRUE,6080
503,564,FALSE,2432
504,564,FALSE,7296
101,566,TRUE,10944
213,566,TRUE,20672
214,566,TRUE,20672
503,566,FALSE,9728
504,566,FALSE,14592
213,567,TRUE,17024
214,567,TRUE,4864
503,567,FALSE,23104
504,567,FALSE,12160
101,568,TRUE,12160
213,569,TRUE,15808
214,569,TRUE,18240
503,569,FALSE,13376
504,569,FALSE,12160
101,570,TRUE,7296
213,570,TRUE,7296
214,570,TRUE,9728
503,570,FALSE,6080
504,570,FALSE,14592
101,572,TRUE,2432
213,572,TRUE,7296
214,572,TRUE,7296
503,572,FALSE,12160
504,572,FALSE,12160
213,573,TRUE,14592
214,573,TRUE,13376
503,573,FALSE,4864
504,573,FALSE,3648
101,575,TRUE,2432
213,575,TRUE,12160
214,575,TRUE,2432
503,575,FALSE,9728
504,575,FALSE,17024
213,576,TRUE,29184
214,576,TRUE,3648
503,576,FALSE,6080
504,576,FALSE,13376
101,577,TRUE,2432
101,578,TRUE,2432
213,578,TRUE,9728
214,578,TRUE,15808
503,578,FALSE,12160
504,578,FALSE,17024
213,579,TRUE,27968
214,579,TRUE,14592
503,579,FALSE,4864
504,579,FALSE,21888
101,580,TRUE,4864
213,581,TRUE,17024
214,581,TRUE,6080
503,581,FALSE,12160
504,581,FALSE,10944
101,582,TRUE,2432
213,582,TRUE,26752
214,582,TRUE,19456
503,582,FALSE,19456
504,582,FALSE,15808
101,584,TRUE,6080
213,584,TRUE,17024
214,584,TRUE,7296
503,584,FALSE,9728
504,584,FALSE,17024
503,585,FALSE,7296
101,587,TRUE,6080
213,587,TRUE,20672
214,587,TRUE,15808
503,587,FALSE,12160
504,587,FALSE,13376
213,588,TRUE,14592
214,588,TRUE,17024
503,588,FALSE,4864
504,588,FALSE,19456
101,589,TRUE,2432
101,590,TRUE,6080
213,590,TRUE,17024
214,590,TRUE,6080
503,590,FALSE,14592
504,590,FALSE,15808
213,591,TRUE,18240
214,591,TRUE,15808
503,591,FALSE,12160
504,591,FALSE,14592
101,592,TRUE,2432
213,593,TRUE,19456
214,593,TRUE,8512
503,593,FALSE,17024
504,593,FALSE,15808
503,594,FALSE,13376
101,595,TRUE,4864
213,595,TRUE,14592
214,595,TRUE,13376
504,595,FALSE,7296
213,596,TRUE,18240
214,596,TRUE,8512
503,596,FALSE,10944
504,596,FALSE,12160
101,598,TRUE,2432
213,598,TRUE,14592
214,598,TRUE,8512
503,598,FALSE,4864
504,598,FALSE,15808
115,599,TRUE,4864
213,599,TRUE,20672
214,599,TRUE,6080
503,599,FALSE,8512
504,599,FALSE,10944
101,600,TRUE,2432
115,601,TRUE,7296
213,601,TRUE,17024
214,601,TRUE,7296
503,601,FALSE,10944
101,602,TRUE,2432
115,602,TRUE,2432
213,602,TRUE,17024
214,602,TRUE,6080
503,602,FALSE,17024
504,602,FALSE,12160
101,603,TRUE,4864
115,603,TRUE,10944
213,603,TRUE,6080
214,603,TRUE,8512
503,603,FALSE,13376
504,604,FALSE,7296
503,605,FALSE,9728
101,606,TRUE,2432
115,606,TRUE,4864
213,606,TRUE,14592
214,606,TRUE,8512
503,606,FALSE,4864
504,606,FALSE,3648
101,608,TRUE,4864
115,608,TRUE,9728
213,608,TRUE,18240
214,608,TRUE,3648
503,608,FALSE,4864
504,608,FALSE,9728
101,609,TRUE,1216
115,609,TRUE,14592
213,609,TRUE,17024
214,609,TRUE,12160
503,609,FALSE,9728
504,609,FALSE,6080
101,611,TRUE,4864
115,611,TRUE,10944
213,611,TRUE,14592
214,611,TRUE,8512
503,611,FALSE,14592
115,612,TRUE,12160
213,612,TRUE,19456
214,612,TRUE,14592
503,612,FALSE,9728
504,612,FALSE,9728
101,613,TRUE,8512
504,613,FALSE,10944
115,614,TRUE,7296
213,614,TRUE,15808
214,614,TRUE,6080
503,614,FALSE,9728
101,615,TRUE,7296
504,615,FALSE,15808
101,616,TRUE,2432
115,616,TRUE,9728
213,616,TRUE,15808
214,616,TRUE,6080
503,616,FALSE,3648
504,616,FALSE,10944
101,618,TRUE,2432
115,618,TRUE,9728
213,618,TRUE,17024
214,618,TRUE,12160
503,618,FALSE,9728
504,618,FALSE,6080
101,619,TRUE,2432
115,619,TRUE,12160
213,619,TRUE,12160
214,619,TRUE,10944
503,619,FALSE,12160
504,619,FALSE,18240
101,621,TRUE,2432
115,621,TRUE,8512
213,621,TRUE,19456
214,621,TRUE,9728
503,621,FALSE,10944
504,621,FALSE,8512
101,622,TRUE,2432
115,622,TRUE,9728
213,622,TRUE,13376
214,622,TRUE,4864
503,622,FALSE,9728
504,622,FALSE,10944
101,624,TRUE,14592
115,624,TRUE,9728
213,624,TRUE,12160
214,624,TRUE,9728
503,624,FALSE,7296
504,624,FALSE,15808
101,625,TRUE,8512
115,625,TRUE,12160
213,625,TRUE,12160
214,625,TRUE,6080
503,625,FALSE,7296
504,625,FALSE,9728
101,627,TRUE,14592
115,627,TRUE,9728
213,627,TRUE,23104
214,627,TRUE,8512
503,627,FALSE,9728
504,627,FALSE,6080
115,628,TRUE,6080
213,628,TRUE,7296
214,628,TRUE,3648
503,628,FALSE,4864
504,628,FALSE,12160
101,629,TRUE,7296
101,630,TRUE,10944
115,630,TRUE,4864
213,630,TRUE,23104
214,630,TRUE,8512
503,630,FALSE,7296
504,630,FALSE,9728
115,631,TRUE,9728
213,631,TRUE,14592
214,631,TRUE,7296
503,631,FALSE,9728
504,631,FALSE,9728
101,632,TRUE,2432
115,633,TRUE,17024
213,633,TRUE,13376
214,633,TRUE,10944
503,633,FALSE,7296
504,633,FALSE,14592
101,634,TRUE,6080
115,634,TRUE,7296
213,634,TRUE,6080
503,634,FALSE,7296
214,635,TRUE,9728
504,635,FALSE,9728
115,636,TRUE,4864
213,636,TRUE,25536
214,636,TRUE,7296
503,636,FALSE,9728
504,636,FALSE,1216
101,637,TRUE,9728
101,638,TRUE,2432
115,638,TRUE,8512
213,638,TRUE,7296
214,638,TRUE,8512
503,638,FALSE,14592
115,639,TRUE,7296
213,639,TRUE,19456
214,639,TRUE,3648
503,639,FALSE,7296
504,639,FALSE,8512
101,640,TRUE,7296
115,641,TRUE,4864
213,641,TRUE,24320
503,641,FALSE,9728
504,641,FALSE,6080
101,642,TRUE,2432
115,642,TRUE,12160
213,642,TRUE,14592
214,642,TRUE,8512
503,642,FALSE,6080
504,642,FALSE,4864
101,644,TRUE,4864
115,644,TRUE,13376
213,644,TRUE,4864
214,644,TRUE,2432
503,644,FALSE,7296
504,644,FALSE,4864
115,645,TRUE,7296
213,645,TRUE,19456
214,645,TRUE,7296
503,645,FALSE,12160
504,645,FALSE,3648
101,646,TRUE,2432
115,647,TRUE,12160
213,647,TRUE,20672
214,647,TRUE,8512
503,647,FALSE,14592
101,648,TRUE,2432
115,648,TRUE,4864
213,648,TRUE,10944
214,648,TRUE,2432
503,648,FALSE,4864
101,650,TRUE,2432
115,650,TRUE,7296
213,650,TRUE,3648
214,650,TRUE,12160
503,650,FALSE,13376
101,651,TRUE,2432
115,651,TRUE,8512
213,651,TRUE,7296
503,651,FALSE,9728
214,652,TRUE,2432
101,653,TRUE,2432
115,653,TRUE,4864
213,653,TRUE,3648
503,653,FALSE,7296
115,654,TRUE,4864
213,654,TRUE,18240
214,654,TRUE,7296
503,654,FALSE,14592
101,655,TRUE,2432
101,656,TRUE,2432
115,656,TRUE,2432
213,656,TRUE,4864
214,656,TRUE,12160
503,656,FALSE,14592
101,658,TRUE,2432
115,658,TRUE,7296
214,658,TRUE,2432
503,658,FALSE,4864
101,660,TRUE,7296
115,660,TRUE,10944
214,660,TRUE,12160
503,660,FALSE,14592
101,662,TRUE,7296
115,662,TRUE,4864
213,662,TRUE,1216
214,662,TRUE,2432
503,662,FALSE,9728
101,663,TRUE,2432
115,663,TRUE,15808
213,663,TRUE,18240
214,663,TRUE,4864
503,663,FALSE,14592
101,665,TRUE,2432
115,665,TRUE,4864
213,665,TRUE,2432
214,665,TRUE,6080
503,665,FALSE,7296
101,666,TRUE,4864
115,666,TRUE,2432
503,666,FALSE,7296
214,667,TRUE,3648
101,668,TRUE,8512
115,668,TRUE,4864
213,668,TRUE,2432
503,668,FALSE,4864
101,669,TRUE,2432
115,669,TRUE,4864
214,669,TRUE,2432
503,669,FALSE,14592
101,671,FALSE,4864
115,671,TRUE,2432
503,671,FALSE,4864
101,672,FALSE,7296
115,672,TRUE,10944
213,672,TRUE,14592
503,672,FALSE,6080
214,673,TRUE,2432
101,674,FALSE,7296
115,674,TRUE,6080
503,674,FALSE,4864
101,675,FALSE,2432
115,675,TRUE,4864
503,675,FALSE,9728
101,677,FALSE,8512
115,677,TRUE,3648
503,677,FALSE,4864
101,678,FALSE,7296
115,678,TRUE,3648
213,678,TRUE,7296
503,678,FALSE,4864
101,680,FALSE,9728
115,680,TRUE,9728
503,680,FALSE,4864
101,681,FALSE,7296
115,681,TRUE,2432
503,681,FALSE,9728
101,683,FALSE,7296
115,683,TRUE,2432
503,683,FALSE,4864
101,684,FALSE,2432
503,684,FALSE,7296
115,685,TRUE,7296
101,686,FALSE,10944
115,686,TRUE,9728
503,686,FALSE,4864
101,688,FALSE,10944
115,688,TRUE,4864
503,688,FALSE,2432
101,689,FALSE,9728
115,689,TRUE,2432
213,689,TRUE,12160
503,689,FALSE,4864
101,691,FALSE,2432
115,691,TRUE,4864
503,691,FALSE,4864
101,692,FALSE,4864
115,692,TRUE,4864
503,692,FALSE,4864
115,694,TRUE,4864
101,696,FALSE,2432
115,696,TRUE,4864
213,696,TRUE,2432
503,696,FALSE,6080
101,697,FALSE,12160
115,697,TRUE,4864
213,697,TRUE,7296
503,698,FALSE,7296
101,699,FALSE,10944
115,699,TRUE,4864
213,699,TRUE,9728
503,699,FALSE,4864
101,700,FALSE,2432
115,700,TRUE,12160
503,701,FALSE,9728
101,704,FALSE,2432
115,704,TRUE,12160
503,704,FALSE,14592
101,706,FALSE,9728
115,706,TRUE,2432
503,706,FALSE,2432
101,707,FALSE,8512
213,707,TRUE,4864
503,707,FALSE,3648
101,709,FALSE,6080
115,709,TRUE,4864
213,709,TRUE,3648
503,709,FALSE,12160
213,710,TRUE,4864
503,710,FALSE,6080
115,711,TRUE,3648
101,712,FALSE,7296
115,712,TRUE,4864
503,712,FALSE,13376
101,713,FALSE,7296
503,713,FALSE,7296
115,714,TRUE,3648
101,715,FALSE,4864
213,715,TRUE,3648
503,715,FALSE,3648
101,716,FALSE,4864
115,716,TRUE,9728
503,717,FALSE,1216
101,718,FALSE,7296
115,718,TRUE,1216
503,718,FALSE,15808
115,719,TRUE,2432
101,720,FALSE,7296
502,720,FALSE,3648
503,720,FALSE,7296
115,721,TRUE,2432
101,722,FALSE,8512
115,722,TRUE,13376
213,722,TRUE,2432
502,722,FALSE,3648
503,722,FALSE,3648
101,723,FALSE,6080
502,723,FALSE,3648
503,723,FALSE,19456
115,724,TRUE,4864
101,725,FALSE,2432
213,725,TRUE,1216
503,725,FALSE,3648
101,726,FALSE,1216
115,726,TRUE,4864
503,726,FALSE,4864
115,728,TRUE,2432
213,728,TRUE,4864
503,728,FALSE,4864
115,729,TRUE,4864
502,729,FALSE,3648
503,729,FALSE,2432
502,730,FALSE,3648
115,731,TRUE,8512
213,731,TRUE,12160
503,731,FALSE,4864
213,732,TRUE,6080
502,732,FALSE,3648
503,732,FALSE,14592
115,733,TRUE,7296
115,734,TRUE,2432
213,734,TRUE,15808
503,734,FALSE,4864
115,736,TRUE,4864
503,736,FALSE,13376
213,737,TRUE,1216
503,737,FALSE,6080
115,738,TRUE,2432
115,739,TRUE,4864
503,739,FALSE,6080
213,740,TRUE,13376
115,741,TRUE,7296
503,741,FALSE,7296
115,742,TRUE,4864
213,742,TRUE,13376
502,742,FALSE,2432
503,742,FALSE,10944
213,743,TRUE,14592
502,743,FALSE,3648
115,744,TRUE,4864
503,744,FALSE,1216
213,745,TRUE,4864
502,745,FALSE,3648
115,746,TRUE,3648
502,746,FALSE,1216
503,746,FALSE,7296
212,747,TRUE,1216
115,748,TRUE,9728
503,748,FALSE,9728
115,749,TRUE,6080
212,749,TRUE,1216
503,749,FALSE,4864
502,750,FALSE,2432
115,751,TRUE,4864
212,751,TRUE,1216
213,751,TRUE,3648
503,751,FALSE,9728
115,752,TRUE,7296
212,752,TRUE,1216
213,752,TRUE,6080
502,752,FALSE,3648
503,752,FALSE,9728
115,754,TRUE,2432
503,754,FALSE,3648
115,755,TRUE,2432
212,755,TRUE,1216
213,755,TRUE,12160
502,755,FALSE,2432
503,755,FALSE,18240
503,757,FALSE,9728
115,758,TRUE,2432
212,758,TRUE,4864
213,758,TRUE,7296
503,758,FALSE,17024
212,759,TRUE,3648
213,759,TRUE,6080
115,760,TRUE,4864
503,760,FALSE,3648
213,761,TRUE,4864
502,761,FALSE,1216
503,761,FALSE,6080
115,762,TRUE,2432
502,762,FALSE,1216
115,763,TRUE,1216
503,763,FALSE,4864
213,764,TRUE,7296
503,764,FALSE,17024
115,765,TRUE,2432
502,765,FALSE,2432
502,766,FALSE,2432
503,766,FALSE,10944
115,767,TRUE,1216
115,768,TRUE,2432
212,768,TRUE,6080
213,768,TRUE,1216
502,768,FALSE,4864
503,768,FALSE,3648
212,769,TRUE,6080
502,769,FALSE,3648
503,769,FALSE,2432
115,770,TRUE,2432
212,771,TRUE,1216
213,771,TRUE,10944
502,771,FALSE,1216
503,771,FALSE,9728
115,772,TRUE,2432
212,772,TRUE,6080
213,772,TRUE,8512
502,772,FALSE,4864
503,772,FALSE,4864
115,773,TRUE,1216
212,774,TRUE,6080
213,774,TRUE,1216
502,774,FALSE,1216
503,774,FALSE,13376
115,775,TRUE,2432
213,776,TRUE,12160
503,776,FALSE,13376
115,777,TRUE,1216
212,777,TRUE,4864
502,777,FALSE,3648
115,778,TRUE,2432
212,778,TRUE,4864
502,778,FALSE,2432
503,778,FALSE,17024
213,779,TRUE,14592
503,779,FALSE,19456
115,780,TRUE,2432
502,780,FALSE,3648
212,781,TRUE,9728
502,781,FALSE,3648
503,781,FALSE,4864
213,782,TRUE,7296
503,782,FALSE,15808
115,784,TRUE,2432
212,784,TRUE,9728
213,784,TRUE,12160
502,784,FALSE,4864
503,784,FALSE,9728
115,785,TRUE,2432
212,785,TRUE,2432
213,785,TRUE,4864
502,785,FALSE,2432
503,785,FALSE,13376
115,787,TRUE,2432
213,787,TRUE,4864
502,787,FALSE,2432
503,787,FALSE,19456
115,788,TRUE,1216
212,788,TRUE,7296
213,788,TRUE,4864
502,788,FALSE,2432
503,788,FALSE,20672
115,791,TRUE,1216
212,791,TRUE,6080
213,791,TRUE,9728
502,791,FALSE,2432
503,791,FALSE,7296
115,792,TRUE,1216
213,792,TRUE,4864
502,792,FALSE,4864
503,792,FALSE,8512
115,794,TRUE,1216
213,794,TRUE,2432
502,794,FALSE,3648
503,794,FALSE,18240
115,795,TRUE,1216
213,795,TRUE,1216
502,795,FALSE,7296
503,795,FALSE,19456
115,797,TRUE,1216
212,797,TRUE,2432
502,797,FALSE,9728
503,797,FALSE,2432
502,798,FALSE,7296
503,798,FALSE,13376
115,799,TRUE,2432
212,799,TRUE,7296
115,800,TRUE,1216
502,800,FALSE,2432
503,800,FALSE,3648
502,801,FALSE,6080
503,801,FALSE,12160
213,802,TRUE,12160
115,803,TRUE,1216
213,803,TRUE,3648
502,803,FALSE,9728
503,803,FALSE,17024
502,804,FALSE,14592
503,804,FALSE,15808
212,805,TRUE,6080
213,806,TRUE,1216
502,806,FALSE,7296
503,806,FALSE,7296
502,808,FALSE,15808
503,808,FALSE,6080
213,809,TRUE,10944
502,809,FALSE,8512
503,809,FALSE,2432
213,811,TRUE,4864
502,811,FALSE,6080
503,811,FALSE,12160
502,812,FALSE,8512
503,812,FALSE,10944
212,814,TRUE,4864
502,814,FALSE,9728
503,814,FALSE,15808
213,815,TRUE,7296
502,815,FALSE,12160
503,815,FALSE,12160
502,817,FALSE,2432
503,817,FALSE,12160
212,818,TRUE,3648
213,818,TRUE,1216
502,818,FALSE,13376
503,818,FALSE,8512
502,820,FALSE,17024
503,820,FALSE,2432
502,821,FALSE,12160
503,821,FALSE,10944
212,823,TRUE,2432
502,823,FALSE,9728
503,823,FALSE,4864
212,824,TRUE,1216
502,824,FALSE,12160
503,824,FALSE,10944
502,826,FALSE,1216
503,826,FALSE,2432
213,828,TRUE,1216
502,828,FALSE,2432
503,828,FALSE,6080
502,830,FALSE,1216
503,830,FALSE,9728
502,832,FALSE,12160
503,832,FALSE,4864
502,833,FALSE,3648
503,833,FALSE,10944
213,835,TRUE,1216
502,835,FALSE,2432
213,836,TRUE,6080
502,836,FALSE,9728
503,836,FALSE,8512
502,838,FALSE,2432
503,838,FALSE,7296
502,839,FALSE,9728
503,839,FALSE,6080
213,841,TRUE,1216
502,841,FALSE,6080
503,841,FALSE,7296
502,842,FALSE,1216
503,842,FALSE,10944
213,844,TRUE,3648
502,844,FALSE,6080
503,844,FALSE,12160
213,845,TRUE,1216
502,845,FALSE,2432
503,845,FALSE,4864
213,847,TRUE,1216
502,847,FALSE,3648
503,847,FALSE,8512
502,848,FALSE,4864
503,848,FALSE,4864
502,854,FALSE,4864
503,867,FALSE,3648
502,868,FALSE,1216
503,868,FALSE,1216
502,870,FALSE,4864
502,874,FALSE,3648
502,876,FALSE,1216
503,876,FALSE,3648
