satID,Second,Data Bits Generated,Data Bits Generated
303,649,TRUE,0
304,649,TRUE,0
401,649,TRUE,820800
402,649,TRUE,1659840
403,649,TRUE,839040
513,649,TRUE,0
514,649,TRUE,1659840
515,649,TRUE,1659840
303,650,TRUE,0
304,650,TRUE,0
401,650,TRUE,857280
402,650,TRUE,857280
403,650,TRUE,0
513,650,TRUE,0
514,650,TRUE,857280
515,650,TRUE,857280
303,651,TRUE,0
304,651,TRUE,0
401,651,TRUE,1696320
402,651,TRUE,2517120
403,651,TRUE,820800
513,651,TRUE,0
514,651,TRUE,2517120
515,651,TRUE,2517120
303,652,TRUE,0
304,652,TRUE,0
401,652,TRUE,0
402,652,TRUE,875520
403,652,TRUE,875520
513,652,TRUE,0
514,652,TRUE,875520
515,652,TRUE,875520
303,653,TRUE,0
304,653,TRUE,0
401,653,TRUE,0
402,653,TRUE,857280
403,653,TRUE,857280
513,653,TRUE,0
514,653,TRUE,857280
515,653,TRUE,857280
303,654,TRUE,0
304,654,TRUE,0
401,654,TRUE,0
402,654,TRUE,0
403,654,TRUE,0
513,654,TRUE,0
514,654,TRUE,0
515,654,TRUE,0
303,655,TRUE,0
304,655,TRUE,0
401,655,TRUE,0
402,655,TRUE,0
403,655,TRUE,0
513,655,TRUE,0
514,655,TRUE,0
515,655,TRUE,0
303,656,TRUE,0
304,656,TRUE,0
401,656,TRUE,875520
402,656,TRUE,1769280
403,656,TRUE,893760
513,656,TRUE,0
514,656,TRUE,1769280
515,656,TRUE,1769280
303,657,TRUE,0
304,657,TRUE,0
401,657,TRUE,0
402,657,TRUE,0
403,657,TRUE,0
513,657,TRUE,0
514,657,TRUE,0
515,657,TRUE,0
303,658,TRUE,0
304,658,TRUE,0
401,658,TRUE,0
402,658,TRUE,0
403,658,TRUE,0
513,658,TRUE,0
514,658,TRUE,0
515,658,TRUE,0
303,659,TRUE,0
304,659,TRUE,0
401,659,TRUE,893760
402,659,TRUE,1805760
403,659,TRUE,912000
513,659,TRUE,0
514,659,TRUE,1805760
515,659,TRUE,1805760
303,660,TRUE,0
304,660,TRUE,875520
401,660,TRUE,875520
402,660,TRUE,875520
403,660,TRUE,0
513,660,TRUE,0
514,660,TRUE,875520
515,660,TRUE,0
303,661,TRUE,0
304,661,TRUE,0
401,661,TRUE,0
402,661,TRUE,0
403,661,TRUE,0
513,661,TRUE,0
514,661,TRUE,0
515,661,TRUE,0
303,662,TRUE,0
304,662,TRUE,875520
401,662,TRUE,875520
402,662,TRUE,875520
403,662,TRUE,0
513,662,TRUE,0
514,662,TRUE,875520
515,662,TRUE,0
303,663,TRUE,0
304,663,TRUE,0
401,663,TRUE,0
402,663,TRUE,0
403,663,TRUE,0
513,663,TRUE,0
514,663,TRUE,0
515,663,TRUE,0
303,664,TRUE,0
304,664,TRUE,820800
401,664,TRUE,820800
402,664,TRUE,820800
403,664,TRUE,0
513,664,TRUE,0
514,664,TRUE,820800
515,664,TRUE,0
303,665,TRUE,0
304,665,TRUE,0
401,665,TRUE,0
402,665,TRUE,2553600
403,665,TRUE,0
513,665,TRUE,0
514,665,TRUE,2553600
515,665,TRUE,2553600
303,666,TRUE,0
304,666,TRUE,1751040
401,666,TRUE,1751040
402,666,TRUE,1751040
403,666,TRUE,0
513,666,TRUE,0
514,666,TRUE,1751040
515,666,TRUE,0
303,667,TRUE,0
304,667,TRUE,0
401,667,TRUE,0
402,667,TRUE,857280
403,667,TRUE,0
513,667,TRUE,0
514,667,TRUE,857280
515,667,TRUE,857280
303,668,TRUE,0
304,668,TRUE,893760
401,668,TRUE,893760
402,668,TRUE,893760
403,668,TRUE,0
513,668,TRUE,0
514,668,TRUE,893760
515,668,TRUE,0
303,669,TRUE,0
304,669,TRUE,0
401,669,TRUE,0
402,669,TRUE,1751040
403,669,TRUE,0
513,669,TRUE,0
514,669,TRUE,1751040
515,669,TRUE,1751040
303,670,TRUE,0
304,670,TRUE,0
401,670,TRUE,0
402,670,TRUE,0
403,670,TRUE,0
513,670,TRUE,0
514,670,TRUE,0
515,670,TRUE,0
303,671,TRUE,0
304,671,TRUE,0
401,671,TRUE,0
402,671,TRUE,0
403,671,TRUE,0
513,671,TRUE,0
514,671,TRUE,0
515,671,TRUE,0
303,672,TRUE,0
304,672,TRUE,0
401,672,TRUE,0
402,672,TRUE,0
403,672,TRUE,0
513,672,TRUE,0
514,672,TRUE,0
515,672,TRUE,0
303,673,TRUE,0
304,673,TRUE,0
401,673,TRUE,0
402,673,TRUE,0
403,673,TRUE,0
513,673,TRUE,0
514,673,TRUE,0
515,673,TRUE,0
303,674,TRUE,0
304,674,TRUE,0
401,674,TRUE,0
402,674,TRUE,0
403,674,TRUE,0
513,674,TRUE,0
514,674,TRUE,0
515,674,TRUE,0
303,675,TRUE,0
304,675,TRUE,0
401,675,TRUE,0
402,675,TRUE,0
403,675,TRUE,0
513,675,TRUE,0
514,675,TRUE,0
515,675,TRUE,0
303,676,TRUE,0
304,676,TRUE,0
401,676,TRUE,0
402,676,TRUE,0
403,676,TRUE,0
513,676,TRUE,0
514,676,TRUE,0
515,676,TRUE,0
303,677,TRUE,0
304,677,TRUE,0
401,677,TRUE,0
402,677,TRUE,0
403,677,TRUE,0
513,677,TRUE,0
514,677,TRUE,0
515,677,TRUE,0
303,678,TRUE,0
304,678,TRUE,0
401,678,TRUE,0
402,678,TRUE,0
403,678,TRUE,0
513,678,TRUE,0
514,678,TRUE,0
515,678,TRUE,0
303,679,TRUE,0
304,679,TRUE,0
401,679,TRUE,0
402,679,TRUE,0
403,679,TRUE,0
513,679,TRUE,0
514,679,TRUE,0
515,679,TRUE,0
303,680,TRUE,0
304,680,TRUE,0
401,680,TRUE,0
402,680,TRUE,0
403,680,TRUE,0
513,680,TRUE,0
514,680,TRUE,0
515,680,TRUE,0
303,681,TRUE,0
304,681,TRUE,0
401,681,TRUE,0
402,681,TRUE,0
403,681,TRUE,0
513,681,TRUE,0
514,681,TRUE,0
515,681,TRUE,0
303,682,TRUE,0
304,682,TRUE,0
401,682,TRUE,0
402,682,TRUE,0
403,682,TRUE,0
513,682,TRUE,0
514,682,TRUE,0
515,682,TRUE,0
303,683,TRUE,0
304,683,TRUE,0
401,683,TRUE,0
402,683,TRUE,0
403,683,TRUE,0
513,683,TRUE,0
514,683,TRUE,0
515,683,TRUE,0
303,684,TRUE,0
304,684,TRUE,0
401,684,TRUE,0
402,684,TRUE,0
403,684,TRUE,0
513,684,TRUE,0
514,684,TRUE,0
515,684,TRUE,0
303,685,TRUE,0
304,685,TRUE,0
401,685,TRUE,839040
402,685,TRUE,2553600
403,685,TRUE,0
513,685,TRUE,0
514,685,TRUE,2553600
515,685,TRUE,1714560
303,686,TRUE,0
304,686,TRUE,857280
401,686,TRUE,857280
402,686,TRUE,857280
403,686,TRUE,0
513,686,TRUE,0
514,686,TRUE,857280
515,686,TRUE,0
303,687,TRUE,0
304,687,TRUE,1732800
401,687,TRUE,2590080
402,687,TRUE,2590080
403,687,TRUE,0
513,687,TRUE,0
514,687,TRUE,2590080
515,687,TRUE,0
303,688,TRUE,0
304,688,TRUE,893760
401,688,TRUE,2608320
402,688,TRUE,3483840
403,688,TRUE,0
513,688,TRUE,0
514,688,TRUE,3483840
515,688,TRUE,875520
303,689,TRUE,0
304,689,TRUE,0
401,689,TRUE,0
402,689,TRUE,0
403,689,TRUE,0
513,689,TRUE,0
514,689,TRUE,0
515,689,TRUE,0
303,690,TRUE,0
304,690,TRUE,839040
401,690,TRUE,839040
402,690,TRUE,1678080
403,690,TRUE,0
513,690,TRUE,0
514,690,TRUE,1678080
515,690,TRUE,839040
303,691,TRUE,0
304,691,TRUE,0
401,691,TRUE,0
402,691,TRUE,1732800
403,691,TRUE,0
513,691,TRUE,0
514,691,TRUE,1732800
515,691,TRUE,1732800
303,692,TRUE,0
304,692,TRUE,0
401,692,TRUE,857280
402,692,TRUE,857280
403,692,TRUE,0
513,692,TRUE,0
514,692,TRUE,857280
515,692,TRUE,0
303,693,TRUE,0
304,693,TRUE,839040
401,693,TRUE,3410880
402,693,TRUE,3410880
403,693,TRUE,0
513,693,TRUE,0
514,693,TRUE,3410880
515,693,TRUE,0
303,694,TRUE,0
304,694,TRUE,0
401,694,TRUE,0
402,694,TRUE,0
403,694,TRUE,0
513,694,TRUE,0
514,694,TRUE,0
515,694,TRUE,0
303,695,TRUE,0
304,695,TRUE,0
401,695,TRUE,875520
402,695,TRUE,875520
403,695,TRUE,0
513,695,TRUE,0
514,695,TRUE,875520
515,695,TRUE,0
303,696,TRUE,0
304,696,TRUE,0
401,696,TRUE,0
402,696,TRUE,0
403,696,TRUE,0
513,696,TRUE,0
514,696,TRUE,0
515,696,TRUE,0
303,697,TRUE,0
304,697,TRUE,0
401,697,TRUE,2663040
402,697,TRUE,2663040
403,697,TRUE,0
513,697,TRUE,0
514,697,TRUE,2663040
515,697,TRUE,0
303,698,TRUE,0
304,698,TRUE,0
401,698,TRUE,0
402,698,TRUE,0
403,698,TRUE,0
513,698,TRUE,0
514,698,TRUE,0
515,698,TRUE,0
303,699,TRUE,0
304,699,TRUE,0
401,699,TRUE,0
402,699,TRUE,0
403,699,TRUE,0
513,699,TRUE,0
514,699,TRUE,0
515,699,TRUE,0
303,700,TRUE,0
304,700,TRUE,0
401,700,TRUE,0
402,700,TRUE,0
403,700,TRUE,0
513,700,TRUE,0
514,700,TRUE,0
515,700,TRUE,0
303,701,TRUE,0
304,701,TRUE,0
401,701,TRUE,0
402,701,TRUE,0
403,701,TRUE,0
513,701,TRUE,0
514,701,TRUE,0
515,701,TRUE,0
303,702,TRUE,0
304,702,TRUE,0
401,702,TRUE,0
402,702,TRUE,0
403,702,TRUE,0
513,702,TRUE,0
514,702,TRUE,0
515,702,TRUE,0
303,703,TRUE,0
304,703,TRUE,0
401,703,TRUE,0
402,703,TRUE,0
403,703,TRUE,0
513,703,TRUE,0
514,703,TRUE,0
515,703,TRUE,0
303,704,TRUE,0
304,704,TRUE,0
401,704,TRUE,0
402,704,TRUE,0
403,704,TRUE,0
513,704,TRUE,0
514,704,TRUE,0
515,704,TRUE,0
303,705,TRUE,0
304,705,TRUE,0
401,705,TRUE,0
402,705,TRUE,0
403,705,TRUE,0
513,705,TRUE,0
514,705,TRUE,0
515,705,TRUE,0
303,706,TRUE,0
304,706,TRUE,0
401,706,TRUE,0
402,706,TRUE,0
403,706,TRUE,0
513,706,TRUE,0
514,706,TRUE,0
515,706,TRUE,0
303,707,TRUE,0
304,707,TRUE,0
401,707,TRUE,0
402,707,TRUE,0
403,707,TRUE,0
513,707,TRUE,0
514,707,TRUE,0
515,707,TRUE,0
303,708,TRUE,0
304,708,TRUE,0
401,708,TRUE,0
402,708,TRUE,0
403,708,TRUE,0
513,708,TRUE,0
514,708,TRUE,0
515,708,TRUE,0
303,709,TRUE,0
304,709,TRUE,0
401,709,TRUE,0
402,709,TRUE,0
403,709,TRUE,0
513,709,TRUE,0
514,709,TRUE,0
515,709,TRUE,0
303,710,TRUE,0
304,710,TRUE,0
401,710,TRUE,0
402,710,TRUE,0
403,710,TRUE,0
513,710,TRUE,0
514,710,TRUE,0
515,710,TRUE,0
303,711,TRUE,0
304,711,TRUE,0
401,711,TRUE,0
402,711,TRUE,0
403,711,TRUE,0
513,711,TRUE,0
514,711,TRUE,0
515,711,TRUE,0
303,712,TRUE,0
304,712,TRUE,0
401,712,TRUE,0
402,712,TRUE,0
403,712,TRUE,0
513,712,TRUE,0
514,712,TRUE,0
515,712,TRUE,0
303,713,TRUE,0
304,713,TRUE,0
401,713,TRUE,0
402,713,TRUE,0
403,713,TRUE,0
513,713,TRUE,0
514,713,TRUE,0
515,713,TRUE,0
303,714,TRUE,0
304,714,TRUE,0
401,714,TRUE,0
402,714,TRUE,0
403,714,TRUE,0
513,714,TRUE,0
514,714,TRUE,0
515,714,TRUE,0
303,715,TRUE,0
304,715,TRUE,0
401,715,TRUE,839040
402,715,TRUE,839040
403,715,TRUE,0
513,715,TRUE,0
514,715,TRUE,839040
515,715,TRUE,0
303,716,TRUE,0
304,716,TRUE,0
401,716,TRUE,839040
402,716,TRUE,839040
403,716,TRUE,0
513,716,TRUE,0
514,716,TRUE,839040
515,716,TRUE,0
303,717,TRUE,0
304,717,TRUE,0
401,717,TRUE,0
402,717,TRUE,0
403,717,TRUE,0
513,717,TRUE,0
514,717,TRUE,0
515,717,TRUE,0
303,718,TRUE,0
304,718,TRUE,0
401,718,TRUE,0
402,718,TRUE,0
403,718,TRUE,0
513,718,TRUE,0
514,718,TRUE,0
515,718,TRUE,0
303,719,TRUE,0
304,719,TRUE,0
401,719,TRUE,875520
402,719,TRUE,875520
403,719,TRUE,0
513,719,TRUE,0
514,719,TRUE,875520
515,719,TRUE,0
303,720,TRUE,0
304,720,TRUE,0
401,720,TRUE,912000
402,720,TRUE,912000
403,720,TRUE,0
513,720,TRUE,0
514,720,TRUE,912000
515,720,TRUE,0
303,721,TRUE,0
304,721,TRUE,0
401,721,TRUE,0
402,721,TRUE,0
403,721,TRUE,0
513,721,TRUE,0
514,721,TRUE,0
515,721,TRUE,0
303,722,TRUE,0
304,722,TRUE,0
401,722,TRUE,839040
402,722,TRUE,839040
403,722,TRUE,0
513,722,TRUE,0
514,722,TRUE,839040
515,722,TRUE,0
303,723,TRUE,0
304,723,TRUE,0
401,723,TRUE,0
402,723,TRUE,0
403,723,TRUE,0
513,723,TRUE,0
514,723,TRUE,0
515,723,TRUE,0
303,724,TRUE,0
304,724,TRUE,0
401,724,TRUE,0
402,724,TRUE,0
403,724,TRUE,0
513,724,TRUE,0
514,724,TRUE,0
515,724,TRUE,0
303,725,TRUE,0
304,725,TRUE,0
401,725,TRUE,893760
402,725,TRUE,893760
403,725,TRUE,0
513,725,TRUE,0
514,725,TRUE,893760
515,725,TRUE,0
303,726,TRUE,0
304,726,TRUE,0
401,726,TRUE,0
402,726,TRUE,0
403,726,TRUE,0
513,726,TRUE,0
514,726,TRUE,0
515,726,TRUE,0
303,727,TRUE,0
304,727,TRUE,0
401,727,TRUE,0
402,727,TRUE,0
403,727,TRUE,0
513,727,TRUE,0
514,727,TRUE,0
515,727,TRUE,0
303,728,TRUE,0
304,728,TRUE,0
401,728,TRUE,0
402,728,TRUE,0
403,728,TRUE,0
513,728,TRUE,0
514,728,TRUE,0
515,728,TRUE,0
303,729,TRUE,0
304,729,TRUE,0
401,729,TRUE,0
402,729,TRUE,0
403,729,TRUE,0
513,729,TRUE,0
514,729,TRUE,0
515,729,TRUE,0
303,730,TRUE,0
304,730,TRUE,0
401,730,TRUE,0
402,730,TRUE,0
403,730,TRUE,0
513,730,TRUE,0
514,730,TRUE,0
515,730,TRUE,0
303,731,TRUE,0
304,731,TRUE,0
401,731,TRUE,0
402,731,TRUE,0
403,731,TRUE,0
513,731,TRUE,0
514,731,TRUE,0
515,731,TRUE,0
303,732,TRUE,0
304,732,TRUE,0
401,732,TRUE,0
402,732,TRUE,0
403,732,TRUE,0
513,732,TRUE,0
514,732,TRUE,0
515,732,TRUE,0
303,733,TRUE,0
304,733,TRUE,0
401,733,TRUE,0
402,733,TRUE,0
403,733,TRUE,0
513,733,TRUE,0
514,733,TRUE,0
515,733,TRUE,0
303,734,TRUE,0
304,734,TRUE,0
401,734,TRUE,0
402,734,TRUE,0
403,734,TRUE,0
513,734,TRUE,0
514,734,TRUE,0
515,734,TRUE,0
303,735,TRUE,0
304,735,TRUE,0
401,735,TRUE,0
402,735,TRUE,0
403,735,TRUE,0
513,735,TRUE,0
514,735,TRUE,0
515,735,TRUE,0
303,736,TRUE,0
304,736,TRUE,0
401,736,TRUE,0
402,736,TRUE,0
403,736,TRUE,0
513,736,TRUE,0
514,736,TRUE,0
515,736,TRUE,0
303,737,TRUE,0
304,737,TRUE,0
401,737,TRUE,0
402,737,TRUE,0
403,737,TRUE,0
513,737,TRUE,0
514,737,TRUE,0
515,737,TRUE,0
303,738,TRUE,0
304,738,TRUE,0
401,738,TRUE,0
402,738,TRUE,0
403,738,TRUE,0
513,738,TRUE,0
514,738,TRUE,0
515,738,TRUE,0
303,739,TRUE,0
304,739,TRUE,0
401,739,TRUE,0
402,739,TRUE,0
403,739,TRUE,0
513,739,TRUE,0
514,739,TRUE,0
515,739,TRUE,0
303,740,TRUE,0
304,740,TRUE,0
401,740,TRUE,0
402,740,TRUE,0
403,740,TRUE,0
513,740,TRUE,0
514,740,TRUE,0
515,740,TRUE,0
303,741,TRUE,0
304,741,TRUE,0
401,741,TRUE,0
402,741,TRUE,0
403,741,TRUE,0
513,741,TRUE,0
514,741,TRUE,0
515,741,TRUE,0
303,742,TRUE,0
304,742,TRUE,0
401,742,TRUE,0
402,742,TRUE,0
403,742,TRUE,0
513,742,TRUE,0
514,742,TRUE,0
515,742,TRUE,0
303,743,TRUE,0
304,743,TRUE,0
401,743,TRUE,0
402,743,TRUE,0
403,743,TRUE,0
513,743,TRUE,0
514,743,TRUE,0
515,743,TRUE,0
303,744,TRUE,0
304,744,TRUE,0
401,744,TRUE,0
402,744,TRUE,0
403,744,TRUE,0
513,744,TRUE,0
514,744,TRUE,0
515,744,TRUE,0
303,745,TRUE,0
304,745,TRUE,0
401,745,TRUE,0
402,745,TRUE,0
403,745,TRUE,0
513,745,TRUE,0
514,745,TRUE,0
515,745,TRUE,0
303,746,TRUE,0
304,746,TRUE,0
401,746,TRUE,0
402,746,TRUE,0
403,746,TRUE,0
513,746,TRUE,0
514,746,TRUE,0
515,746,TRUE,0
303,747,TRUE,0
304,747,TRUE,0
401,747,TRUE,0
402,747,TRUE,0
403,747,TRUE,0
513,747,TRUE,0
514,747,TRUE,0
515,747,TRUE,0
303,748,TRUE,0
304,748,TRUE,0
401,748,TRUE,0
402,748,TRUE,0
403,748,TRUE,0
513,748,TRUE,0
514,748,TRUE,0
515,748,TRUE,0
303,749,TRUE,0
304,749,TRUE,0
401,749,TRUE,0
402,749,TRUE,0
403,749,TRUE,0
513,749,TRUE,0
514,749,TRUE,0
515,749,TRUE,0
303,750,TRUE,0
304,750,TRUE,0
401,750,TRUE,0
402,750,TRUE,0
403,750,TRUE,0
513,750,TRUE,0
514,750,TRUE,0
515,750,TRUE,0
303,751,TRUE,0
304,751,TRUE,0
401,751,TRUE,0
402,751,TRUE,0
403,751,TRUE,0
513,751,TRUE,0
514,751,TRUE,0
515,751,TRUE,0
303,752,TRUE,0
304,752,TRUE,0
401,752,TRUE,0
402,752,TRUE,0
403,752,TRUE,0
513,752,TRUE,0
514,752,TRUE,0
515,752,TRUE,0
303,753,TRUE,0
304,753,TRUE,0
401,753,TRUE,0
402,753,TRUE,0
403,753,TRUE,0
513,753,TRUE,0
514,753,TRUE,0
515,753,TRUE,0
303,754,TRUE,0
304,754,TRUE,0
401,754,TRUE,0
402,754,TRUE,0
403,754,TRUE,0
513,754,TRUE,0
514,754,TRUE,0
515,754,TRUE,0
303,755,TRUE,0
304,755,TRUE,0
401,755,TRUE,0
402,755,TRUE,0
403,755,TRUE,0
513,755,TRUE,0
514,755,TRUE,0
515,755,TRUE,0
303,756,TRUE,0
304,756,TRUE,0
401,756,TRUE,0
402,756,TRUE,0
403,756,TRUE,0
513,756,TRUE,0
514,756,TRUE,0
515,756,TRUE,0
303,757,TRUE,0
304,757,TRUE,0
401,757,TRUE,0
402,757,TRUE,0
403,757,TRUE,0
513,757,TRUE,0
514,757,TRUE,0
515,757,TRUE,0
303,758,TRUE,0
304,758,TRUE,0
401,758,TRUE,0
402,758,TRUE,0
403,758,TRUE,0
513,758,TRUE,0
514,758,TRUE,0
515,758,TRUE,0
303,759,TRUE,0
304,759,TRUE,0
401,759,TRUE,0
402,759,TRUE,0
403,759,TRUE,0
513,759,TRUE,0
514,759,TRUE,0
515,759,TRUE,0
303,760,TRUE,0
304,760,TRUE,0
401,760,TRUE,0
402,760,TRUE,0
403,760,TRUE,0
513,760,TRUE,0
514,760,TRUE,0
515,760,TRUE,0
303,761,TRUE,0
304,761,TRUE,0
401,761,TRUE,0
402,761,TRUE,0
403,761,TRUE,0
513,761,TRUE,0
514,761,TRUE,0
515,761,TRUE,0
303,762,TRUE,109440
304,762,TRUE,857280
401,762,TRUE,857280
402,762,TRUE,0
403,762,TRUE,0
513,762,TRUE,857280
514,762,TRUE,857280
515,762,TRUE,0
303,763,TRUE,0
304,763,TRUE,0
401,763,TRUE,0
402,763,TRUE,0
403,763,TRUE,0
513,763,TRUE,0
514,763,TRUE,0
515,763,TRUE,0
303,764,TRUE,0
304,764,TRUE,0
401,764,TRUE,1678080
402,764,TRUE,1678080
403,764,TRUE,0
513,764,TRUE,0
514,764,TRUE,1678080
515,764,TRUE,0
303,765,TRUE,164160
304,765,TRUE,893760
401,765,TRUE,893760
402,765,TRUE,0
403,765,TRUE,0
513,765,TRUE,893760
514,765,TRUE,893760
515,765,TRUE,0
303,766,TRUE,364800
304,766,TRUE,1732800
401,766,TRUE,1732800
402,766,TRUE,0
403,766,TRUE,0
513,766,TRUE,1732800
514,766,TRUE,1732800
515,766,TRUE,0
303,767,TRUE,0
304,767,TRUE,0
401,767,TRUE,0
402,767,TRUE,0
403,767,TRUE,0
513,767,TRUE,0
514,767,TRUE,0
515,767,TRUE,0
303,768,TRUE,0
304,768,TRUE,0
401,768,TRUE,875520
402,768,TRUE,875520
403,768,TRUE,0
513,768,TRUE,0
514,768,TRUE,875520
515,768,TRUE,0
303,769,TRUE,237120
304,769,TRUE,893760
401,769,TRUE,1751040
402,769,TRUE,857280
403,769,TRUE,0
513,769,TRUE,893760
514,769,TRUE,1751040
515,769,TRUE,0
303,770,TRUE,0
304,770,TRUE,0
401,770,TRUE,0
402,770,TRUE,0
403,770,TRUE,0
513,770,TRUE,0
514,770,TRUE,0
515,770,TRUE,0
303,771,TRUE,0
304,771,TRUE,0
401,771,TRUE,875520
402,771,TRUE,875520
403,771,TRUE,0
513,771,TRUE,0
514,771,TRUE,875520
515,771,TRUE,0
303,772,TRUE,291840
304,772,TRUE,912000
401,772,TRUE,1787520
402,772,TRUE,875520
403,772,TRUE,0
513,772,TRUE,912000
514,772,TRUE,1787520
515,772,TRUE,0
303,773,TRUE,0
304,773,TRUE,820800
401,773,TRUE,820800
402,773,TRUE,820800
403,773,TRUE,0
513,773,TRUE,820800
514,773,TRUE,820800
515,773,TRUE,0
303,774,TRUE,0
304,774,TRUE,0
401,774,TRUE,784320
402,774,TRUE,875520
403,774,TRUE,0
513,774,TRUE,0
514,774,TRUE,875520
515,774,TRUE,875520
303,775,TRUE,0
304,775,TRUE,893760
401,775,TRUE,893760
402,775,TRUE,893760
403,775,TRUE,0
513,775,TRUE,893760
514,775,TRUE,893760
515,775,TRUE,0
303,776,TRUE,0
304,776,TRUE,893760
401,776,TRUE,893760
402,776,TRUE,893760
403,776,TRUE,0
513,776,TRUE,893760
514,776,TRUE,893760
515,776,TRUE,0
303,777,TRUE,474240
304,777,TRUE,0
401,777,TRUE,2480640
402,777,TRUE,1641600
403,777,TRUE,0
513,777,TRUE,839040
514,777,TRUE,2480640
515,777,TRUE,1641600
303,778,TRUE,492480
304,778,TRUE,820800
401,778,TRUE,2498880
402,778,TRUE,1659840
403,778,TRUE,0
513,778,TRUE,1659840
514,778,TRUE,2498880
515,778,TRUE,839040
303,779,TRUE,0
304,779,TRUE,820800
401,779,TRUE,1696320
402,779,TRUE,1714560
403,779,TRUE,0
513,779,TRUE,820800
514,779,TRUE,1714560
515,779,TRUE,893760
303,780,TRUE,0
304,780,TRUE,0
401,780,TRUE,893760
402,780,TRUE,893760
403,780,TRUE,0
513,780,TRUE,0
514,780,TRUE,893760
515,780,TRUE,893760
303,781,TRUE,547200
304,781,TRUE,0
401,781,TRUE,857280
402,781,TRUE,0
403,781,TRUE,0
513,781,TRUE,857280
514,781,TRUE,857280
515,781,TRUE,0
303,782,TRUE,0
304,782,TRUE,0
401,782,TRUE,0
402,782,TRUE,0
403,782,TRUE,0
513,782,TRUE,0
514,782,TRUE,0
515,782,TRUE,0
303,783,TRUE,1167360
304,783,TRUE,912000
401,783,TRUE,2663040
402,783,TRUE,912000
403,783,TRUE,0
513,783,TRUE,2663040
514,783,TRUE,2663040
515,783,TRUE,0
303,784,TRUE,601920
304,784,TRUE,0
401,784,TRUE,1678080
402,784,TRUE,857280
403,784,TRUE,0
513,784,TRUE,820800
514,784,TRUE,1678080
515,784,TRUE,857280
303,785,TRUE,0
304,785,TRUE,0
401,785,TRUE,875520
402,785,TRUE,875520
403,785,TRUE,0
513,785,TRUE,0
514,785,TRUE,875520
515,785,TRUE,875520
303,786,TRUE,0
304,786,TRUE,0
401,786,TRUE,1659840
402,786,TRUE,1659840
403,786,TRUE,0
513,786,TRUE,0
514,786,TRUE,1659840
515,786,TRUE,1659840
303,787,TRUE,0
304,787,TRUE,0
401,787,TRUE,0
402,787,TRUE,0
403,787,TRUE,0
513,787,TRUE,0
514,787,TRUE,0
515,787,TRUE,0
303,788,TRUE,0
304,788,TRUE,0
401,788,TRUE,857280
402,788,TRUE,857280
403,788,TRUE,0
513,788,TRUE,0
514,788,TRUE,857280
515,788,TRUE,857280
303,789,TRUE,0
304,789,TRUE,0
401,789,TRUE,0
402,789,TRUE,0
403,789,TRUE,0
513,789,TRUE,0
514,789,TRUE,0
515,789,TRUE,0
303,790,TRUE,0
304,790,TRUE,0
401,790,TRUE,0
402,790,TRUE,0
403,790,TRUE,0
513,790,TRUE,0
514,790,TRUE,0
515,790,TRUE,0
303,791,TRUE,0
304,791,TRUE,0
401,791,TRUE,0
402,791,TRUE,0
403,791,TRUE,0
513,791,TRUE,0
514,791,TRUE,0
515,791,TRUE,0
303,792,TRUE,0
304,792,TRUE,0
401,792,TRUE,820800
402,792,TRUE,820800
403,792,TRUE,0
513,792,TRUE,0
514,792,TRUE,820800
515,792,TRUE,820800
303,793,TRUE,0
304,793,TRUE,0
401,793,TRUE,0
402,793,TRUE,0
403,793,TRUE,0
513,793,TRUE,0
514,793,TRUE,0
515,793,TRUE,0
303,794,TRUE,0
304,794,TRUE,0
401,794,TRUE,912000
402,794,TRUE,912000
403,794,TRUE,0
513,794,TRUE,0
514,794,TRUE,912000
515,794,TRUE,912000
303,795,TRUE,0
304,795,TRUE,0
401,795,TRUE,0
402,795,TRUE,0
403,795,TRUE,0
513,795,TRUE,0
514,795,TRUE,0
515,795,TRUE,0
303,796,TRUE,0
304,796,TRUE,0
401,796,TRUE,1769280
402,796,TRUE,1769280
403,796,TRUE,0
513,796,TRUE,0
514,796,TRUE,1769280
515,796,TRUE,1769280
303,797,TRUE,0
304,797,TRUE,0
401,797,TRUE,0
402,797,TRUE,0
403,797,TRUE,0
513,797,TRUE,0
514,797,TRUE,0
515,797,TRUE,0
303,798,TRUE,0
304,798,TRUE,0
401,798,TRUE,0
402,798,TRUE,0
403,798,TRUE,0
513,798,TRUE,0
514,798,TRUE,0
515,798,TRUE,0
303,799,TRUE,0
304,799,TRUE,0
401,799,TRUE,875520
402,799,TRUE,875520
403,799,TRUE,0
513,799,TRUE,0
514,799,TRUE,875520
515,799,TRUE,875520
303,800,TRUE,0
304,800,TRUE,0
401,800,TRUE,912000
402,800,TRUE,912000
403,800,TRUE,0
513,800,TRUE,0
514,800,TRUE,912000
515,800,TRUE,912000
303,801,TRUE,0
304,801,TRUE,0
401,801,TRUE,875520
402,801,TRUE,875520
403,801,TRUE,0
513,801,TRUE,0
514,801,TRUE,875520
515,801,TRUE,875520
303,802,TRUE,0
304,802,TRUE,0
401,802,TRUE,839040
402,802,TRUE,839040
403,802,TRUE,0
513,802,TRUE,0
514,802,TRUE,839040
515,802,TRUE,0
303,803,TRUE,0
304,803,TRUE,0
401,803,TRUE,875520
402,803,TRUE,875520
403,803,TRUE,0
513,803,TRUE,0
514,803,TRUE,875520
515,803,TRUE,0
303,804,TRUE,0
304,804,TRUE,0
401,804,TRUE,0
402,804,TRUE,0
403,804,TRUE,0
513,804,TRUE,0
514,804,TRUE,0
515,804,TRUE,0
303,805,TRUE,0
304,805,TRUE,0
401,805,TRUE,0
402,805,TRUE,0
403,805,TRUE,0
513,805,TRUE,0
514,805,TRUE,0
515,805,TRUE,0
303,806,TRUE,0
304,806,TRUE,0
401,806,TRUE,0
402,806,TRUE,0
403,806,TRUE,0
513,806,TRUE,0
514,806,TRUE,0
515,806,TRUE,0
303,807,TRUE,0
304,807,TRUE,0
401,807,TRUE,875520
402,807,TRUE,875520
403,807,TRUE,0
513,807,TRUE,0
514,807,TRUE,875520
515,807,TRUE,0
303,808,TRUE,0
304,808,TRUE,0
401,808,TRUE,0
402,808,TRUE,0
403,808,TRUE,0
513,808,TRUE,0
514,808,TRUE,0
515,808,TRUE,0
303,809,TRUE,0
304,809,TRUE,0
401,809,TRUE,875520
402,809,TRUE,875520
403,809,TRUE,0
513,809,TRUE,0
514,809,TRUE,875520
515,809,TRUE,0
303,810,TRUE,0
304,810,TRUE,0
401,810,TRUE,0
402,810,TRUE,0
403,810,TRUE,0
513,810,TRUE,0
514,810,TRUE,0
515,810,TRUE,0
303,811,TRUE,0
304,811,TRUE,0
401,811,TRUE,893760
402,811,TRUE,893760
403,811,TRUE,0
513,811,TRUE,0
514,811,TRUE,893760
515,811,TRUE,0
303,812,TRUE,0
304,812,TRUE,0
401,812,TRUE,0
402,812,TRUE,0
403,812,TRUE,0
513,812,TRUE,0
514,812,TRUE,0
515,812,TRUE,0
303,813,TRUE,0
304,813,TRUE,0
401,813,TRUE,893760
402,813,TRUE,893760
403,813,TRUE,0
513,813,TRUE,0
514,813,TRUE,893760
515,813,TRUE,0
