Start Time (EpMin),Stop Time (EpMin),Duration (min),to Sat,from sat,Is Ascending
0,6.198766667,6.198766667,505,103,0
0,1.75545,1.75545,510,108,0
0,4.8971,4.8971,502,115,1
0,3.057116667,3.057116667,513,111,1
0,6.198783333,6.198783333,105,203,0
0,1.755433333,1.755433333,110,208,0
0,4.897066667,4.897066667,102,215,1
0,3.057133333,3.057133333,113,211,1
0,6.198883333,6.198883333,205,303,0
0,1.755433333,1.755433333,210,308,0
0,4.897066667,4.897066667,202,315,1
0,3.057183333,3.057183333,213,311,1
0,6.198916667,6.198916667,305,403,0
0,1.75545,1.75545,310,408,0
0,4.897116667,4.897116667,302,415,1
0,3.0572,3.0572,313,411,1
0,6.198833333,6.198833333,405,503,0
0,1.75545,1.75545,410,508,0
0,4.897133333,4.897133333,402,515,1
0,3.057166667,3.057166667,413,511,1
0.453483333,8.0387,7.585216667,109,207,0
0.453483333,8.038716667,7.585233333,209,307,0
0.4535,8.038766667,7.585283333,509,107,0
0.4535,8.038783333,7.5853,309,407,0
0.4535,8.038816667,7.585316667,409,507,0
1.7553,9.340383333,7.585083333,512,110,1
1.7553,9.340416667,7.585116667,112,210,1
1.755316667,9.340566667,7.58525,212,310,1
1.755316667,9.340616667,7.5853,312,410,1
1.755316667,9.3405,7.585183333,412,510,1
3.595066667,11.18035,7.585283333,101,214,1
3.595066667,11.18036667,7.5853,201,314,1
3.595116667,11.18043333,7.585316667,501,114,1
3.595116667,11.18045,7.585333333,301,414,1
3.59515,11.1805,7.58535,401,514,1
4.896933333,12.48198333,7.58505,504,102,0
4.896933333,12.48203333,7.5851,104,202,0
4.896966667,12.48213333,7.585166667,404,502,0
4.896983333,12.48223333,7.58525,204,302,0
4.897,12.4823,7.5853,304,402,0
6.736683333,14.32198333,7.5853,108,206,0
6.736683333,14.322,7.585316667,208,306,0
6.736783333,14.3221,7.5853,508,106,0
6.736783333,14.32211667,7.585333333,308,406,0
6.73685,14.32218333,7.585333333,408,506,0
8.038566667,15.62361667,7.58505,511,109,1
8.038583333,15.62368333,7.5851,111,209,1
8.038633333,15.62381667,7.585183333,411,509,1
8.03865,15.62393333,7.585283333,211,309,1
8.038683333,15.62401667,7.585333333,311,409,1
9.878316667,17.46361667,7.5853,115,213,1
9.878316667,17.46365,7.585316667,215,313,1
9.878466667,17.46375,7.585283333,515,113,1
9.878466667,17.46378333,7.585316667,315,413,1
9.87855,17.46386667,7.5853,415,513,1
11.18021667,18.76523333,7.585033333,503,101,0
11.18023333,18.76531667,7.5851,103,201,0
11.1803,18.76548333,7.585183333,403,501,0
11.18031667,18.76561667,7.5853,203,301,0
11.18036667,18.76571667,7.58535,303,401,0
13.02,20.60526667,7.585266667,107,205,0
13.02,20.60528333,7.5853,207,305,0
13.02018333,20.60541667,7.585233333,507,105,0
13.02018333,20.60546667,7.585266667,307,405,0
13.0203,20.60553333,7.585233333,407,505,0
14.32185,21.90686667,7.585016667,510,108,1
14.32186667,21.90696667,7.5851,110,208,1
14.32196667,21.90713333,7.585183333,410,508,1
14.32198333,21.9073,7.585316667,210,308,1
14.32205,21.90741667,7.585366667,310,408,1
16.16161667,23.7469,7.585283333,114,212,1
16.16161667,23.74693333,7.585316667,214,312,1
16.16185,23.74708333,7.585233333,514,112,1
16.16185,23.74713333,7.585283333,314,412,1
16.162,23.74721667,7.585216667,414,512,1
17.46348333,25.04846667,7.584983333,502,115,0
17.46351667,25.04858333,7.585066667,102,215,0
17.46361667,25.04878333,7.585166667,402,515,0
17.46365,25.04896667,7.585316667,202,315,0
17.46371667,25.0491,7.585366667,302,415,0
19.30325,26.88853333,7.5853,106,204,0
19.30325,26.88856667,7.585333333,206,304,0
19.30353333,26.88875,7.585216667,506,104,0
19.30353333,26.8888,7.585266667,306,404,0
19.3037,26.8889,7.5852,406,504,0
20.60513333,28.1901,7.584983333,509,107,1
20.60515,28.19023333,7.585083333,109,207,1
20.60528333,28.19046667,7.585183333,409,507,1
20.60531667,28.19066667,7.58535,209,307,1
20.6054,28.19081667,7.5854,309,407,1
22.44483333,30.03018333,7.585333333,113,211,1
22.44483333,30.03021667,7.585383333,213,311,1
22.44516667,30.0304,7.585233333,513,111,1
22.44516667,30.03046667,7.5853,313,411,1
22.44538333,30.03058333,7.5852,413,511,1
23.74676667,31.3317,7.584933333,501,114,0
23.7468,31.33188333,7.585083333,101,214,0
23.74695,31.33213333,7.5852,401,514,0
23.747,31.33236667,7.585366667,201,314,0
23.74708333,31.33253333,7.585433333,301,414,0
25.58646667,33.17181667,7.58535,105,203,0
25.58646667,33.17185,7.5854,205,303,0
25.58683333,33.17213333,7.5853,305,403,0
25.58685,33.17206667,7.585233333,505,103,0
25.58706667,33.17226667,7.5852,405,503,0
26.8884,34.4733,7.5849,508,106,1
26.88843333,34.47346667,7.585016667,108,206,1
26.88861667,34.47375,7.585133333,408,506,1
26.88866667,34.474,7.585333333,208,306,1
26.88876667,34.47416667,7.5854,308,406,1
28.72811667,36.31345,7.585333333,112,210,1
28.72811667,36.3135,7.585383333,212,310,1
28.72855,36.31373333,7.585183333,512,110,1
28.72855,36.3138,7.585266667,312,410,1
28.7288,36.31395,7.585133333,412,510,1
30.03005,37.61493333,7.5849,515,113,0
30.03008333,37.61511667,7.585033333,115,213,0
30.03026667,37.61541667,7.58515,415,513,0
30.03033333,37.6157,7.585366667,215,313,0
30.03045,37.61588333,7.585433333,315,413,0
31.86975,39.4551,7.585333333,104,202,0
31.86975,39.45515,7.585383333,204,302,0
31.87021667,39.45546667,7.58525,304,402,0
31.87023333,39.4554,7.585166667,504,102,0
31.87051667,39.45563333,7.585116667,404,502,0
33.17168333,40.75655,7.584866667,507,105,1
33.17171667,40.75673333,7.585016667,107,205,1
33.17193333,40.75708333,7.58515,407,505,1
33.172,40.75736667,7.585366667,207,305,1
33.17213333,40.75758333,7.58545,307,405,1
35.01135,42.59673333,7.585383333,111,209,1
35.01135,42.59678333,7.585433333,211,309,1
35.01186667,42.59705,7.585183333,511,109,1
35.01186667,42.59713333,7.585266667,311,409,1
35.01218333,42.5973,7.585116667,411,509,1
36.31331667,43.89818333,7.584866667,514,112,0
36.31336667,43.89838333,7.585016667,114,212,0
36.3136,43.89875,7.58515,414,512,0
36.31366667,43.89906667,7.5854,214,312,0
36.31381667,43.89928333,7.585483333,314,412,0
38.15298333,45.73836667,7.585383333,103,201,0
38.15298333,45.73843333,7.585433333,203,301,0
38.15355,45.73871667,7.585166667,503,101,0
38.15355,45.73881667,7.585266667,303,401,0
38.1539,45.73898333,7.585083333,403,501,0
39.45495,47.0398,7.584833333,506,104,1
39.455,47.04,7.585,106,204,1
39.45525,47.0404,7.585133333,406,504,1
39.45533333,47.04073333,7.5854,206,304,1
39.4555,47.04098333,7.585483333,306,404,1
41.29461667,48.88001667,7.5854,110,208,1
41.29461667,48.88006667,7.58545,210,308,1
41.29523333,48.88038333,7.58515,510,108,1
41.29523333,48.88048333,7.58525,310,408,1
41.2956,48.88066667,7.585066667,410,508,1
42.5966,50.18141667,7.584816667,513,111,0
42.59665,50.18165,7.585,113,211,0
42.59691667,50.18205,7.585133333,413,511,0
42.597,50.18241667,7.585416667,213,311,0
42.59716667,50.18268333,7.5855,313,411,0
44.43623333,52.02165,7.5854,102,215,0
44.43623333,52.02171667,7.585466667,202,315,0
44.4369,52.02205,7.58515,502,115,0
44.4369,52.02215,7.58525,302,415,0
44.4373,52.02235,7.58505,402,515,0
45.73823333,53.32306667,7.584816667,505,103,1
45.7383,53.3233,7.585,105,203,1
45.73858333,53.32373333,7.58515,405,503,1
45.73868333,53.32411667,7.58545,205,303,1
45.73885,53.3244,7.585533333,305,403,1
47.57786667,55.16335,7.585483333,209,307,1
47.57788333,55.16328333,7.5854,109,207,1
47.57856667,55.16381667,7.58525,309,407,1
47.57858333,55.1637,7.585116667,509,107,1
47.579,55.16403333,7.585033333,409,507,1
48.87986667,56.46468333,7.5848,512,110,0
48.87993333,56.46493333,7.585,112,210,0
48.88025,56.4654,7.58515,412,510,0
48.88035,56.4658,7.585466667,212,310,0
48.88053333,56.46608333,7.58555,312,410,0
50.71951667,58.30491667,7.585416667,101,214,0
50.71951667,58.305,7.585483333,201,314,0
50.72026667,58.30536667,7.5851,501,114,0
50.72026667,58.30548333,7.585233333,301,414,0
50.72071667,58.30571667,7.584983333,401,514,0
52.02151667,59.60631667,7.5848,504,102,1
52.02158333,59.60658333,7.585,104,202,1
52.0219,59.60708333,7.585166667,404,502,1
52.02201667,59.6075,7.585483333,204,302,1
52.02221667,59.6078,7.585583333,304,402,1
53.86108333,61.44656667,7.585466667,108,206,1
53.86108333,61.44663333,7.58555,208,306,1
53.86188333,61.44703333,7.58515,508,106,1
53.86188333,61.44715,7.585266667,308,406,1
53.86236667,61.4474,7.585016667,408,506,1
55.16315,62.7479,7.58475,511,109,0
55.16321667,62.74818333,7.58495,111,209,0
55.16356667,62.7487,7.585116667,411,509,0
55.16368333,62.74915,7.585466667,211,309,0
55.1639,62.74946667,7.585566667,311,409,0
57.00275,64.58828333,7.585516667,215,313,0
57.00276667,64.5882,7.58545,115,213,0
57.0036,64.5887,7.585083333,515,113,0
57.0036,64.58881667,7.585216667,315,413,0
57.00411667,64.58908333,7.58495,415,513,0
58.30478333,65.88953333,7.584733333,503,101,1
58.30486667,65.88983333,7.584966667,103,201,1
58.30523333,65.89036667,7.585133333,403,501,1
58.30535,65.89085,7.5855,203,301,1
58.30558333,65.89118333,7.5856,303,401,1
60.14435,67.72983333,7.585483333,107,205,1
60.14435,67.72991667,7.585583333,207,305,1
60.14523333,67.73035,7.585116667,507,105,1
60.14523333,67.73048333,7.58525,307,405,1
60.14578333,67.73075,7.584966667,407,505,1
61.44643333,69.03115,7.584716667,510,108,0
61.4465,69.03145,7.58495,110,208,0
61.4469,69.03201667,7.585133333,410,508,0
61.44701667,69.03253333,7.585516667,210,308,0
61.44726667,69.03288333,7.585616667,310,408,0
63.286,70.87148333,7.585483333,114,212,0
63.286,70.87156667,7.585566667,214,312,0
63.28693333,70.87201667,7.585083333,514,112,0
63.28693333,70.87216667,7.585233333,314,412,0
63.2875,70.87243333,7.584933333,414,512,0
64.58806667,72.17275,7.584683333,502,115,1
64.58815,72.17308333,7.584933333,102,215,1
64.58855,72.17366667,7.585116667,402,515,1
64.58868333,72.1742,7.585516667,202,315,1
64.58893333,72.17456667,7.585616667,302,415,1
66.42761667,74.01311667,7.5855,106,204,1
66.42761667,74.01321667,7.5856,206,304,1
66.42858333,74.01383333,7.585233333,306,404,1
66.4286,74.01368333,7.585083333,506,104,1
66.4292,74.01411667,7.584916667,406,504,1
67.7297,75.31436667,7.584666667,509,107,0
67.72978333,75.31471667,7.584916667,109,207,0
67.73021667,75.31533333,7.585116667,409,507,0
67.73035,75.31588333,7.585516667,209,307,0
67.73061667,75.31626667,7.585633333,309,407,0
69.56921667,77.15475,7.585533333,113,211,0
69.56921667,77.15485,7.585633333,213,311,0
69.57023333,77.1555,7.58525,313,411,0
69.57025,77.15533333,7.5851,513,111,0
69.57088333,77.1558,7.584916667,413,511,0
70.87135,78.45601667,7.584666667,501,114,1
70.87143333,78.45636667,7.584933333,101,214,1
70.87188333,78.45701667,7.585133333,401,514,1
70.87203333,78.45758333,7.585566667,201,314,1
70.8723,78.45798333,7.585683333,301,414,1
72.71085,80.2964,7.585533333,105,203,1
72.71085,80.2965,7.58565,205,303,1
72.71191667,80.29716667,7.58525,305,403,1
72.71193333,80.297,7.585066667,505,103,1
72.71258333,80.29748333,7.584883333,405,503,1
74.01298333,81.5976,7.584616667,508,106,0
74.01306667,81.59796667,7.584883333,108,206,0
74.01355,81.59863333,7.585083333,408,506,0
74.0137,81.59923333,7.585533333,208,306,0
74.01398333,81.59963333,7.58565,308,406,0
75.85248333,83.43803333,7.58555,112,210,0
75.85248333,83.43813333,7.585666667,212,310,0
75.8536,83.43866667,7.585066667,512,110,0
75.8536,83.43883333,7.585233333,312,410,0
75.85428333,83.43916667,7.584866667,412,510,0
77.15461667,84.73923333,7.584616667,515,113,1
77.15471667,84.73961667,7.5849,115,213,1
77.1552,84.74031667,7.5851,415,513,1
77.15536667,84.74093333,7.585566667,215,313,1
77.15566667,84.74135,7.585683333,315,413,1
78.99406667,86.57966667,7.5856,104,202,1
78.99406667,86.57978333,7.585716667,204,302,1
78.99523333,86.58033333,7.585083333,504,102,1
78.99523333,86.5805,7.585266667,304,402,1
78.99595,86.58085,7.584883333,404,502,1
80.29626667,87.8809,7.58465,507,105,0
80.29636667,87.88125,7.584883333,107,205,0
80.29686667,87.88201667,7.58515,407,505,0
80.29703333,87.88261667,7.585583333,207,305,0
80.29735,87.88308333,7.585733333,307,405,0
82.13573333,89.72141667,7.585683333,211,309,0
82.13575,89.72131667,7.585566667,111,209,0
82.13695,89.72216667,7.585216667,311,409,0
82.13696667,89.72198333,7.585033333,511,109,0
82.1377,89.72251667,7.584816667,411,509,0
83.4379,91.02246667,7.584583333,514,112,1
83.438,91.02288333,7.584883333,114,212,1
83.43853333,91.02363333,7.5851,414,512,1
83.4387,91.02428333,7.585583333,214,312,1
83.43903333,91.02475,7.585716667,314,412,1
85.27735,92.86295,7.5856,103,201,1
85.27738333,92.86306667,7.585683333,203,301,1
85.27861667,92.86365,7.585033333,503,101,1
85.27863333,92.86385,7.5852,303,401,1
85.27938333,92.8642,7.584816667,403,501,1
86.57953333,94.16413333,7.5846,506,104,0
86.57965,94.16455,7.584916667,106,204,0
86.5802,94.16533333,7.585133333,406,504,0
86.58036667,94.16601667,7.58565,206,304,0
86.58071667,94.16648333,7.585783333,306,404,0
88.41898333,96.0047,7.585716667,210,308,0
88.419,96.00458333,7.5856,110,208,0
88.4203,96.00531667,7.585016667,510,108,0
88.4203,96.00551667,7.585216667,310,408,0
88.4211,96.00588333,7.584783333,410,508,0
89.72118333,97.3057,7.584533333,513,111,1
89.72128333,97.30615,7.584866667,113,211,1
89.72185,97.30695,7.585083333,413,511,1
89.72203333,97.30766667,7.585616667,213,311,1
89.72238333,97.30815,7.585766667,313,411,1
91.56061667,99.14635,7.585733333,202,315,1
91.56063333,99.14623333,7.5856,102,215,1
91.56196667,99.14718333,7.5852,302,415,1
91.56198333,99.14698333,7.585,502,115,1
91.56281667,99.14756667,7.58475,402,515,1
92.86281667,100.4473167,7.584516667,505,103,0
92.86293333,100.4477833,7.58485,105,203,0
92.86351667,100.4486,7.585083333,405,503,0
92.8637,100.4493333,7.585633333,205,303,0
92.86406667,100.4498333,7.585766667,305,403,0
94.70218333,102.2878667,7.585683333,109,207,0
94.70218333,102.288,7.5858,209,307,0
94.70358333,102.2886333,7.58505,509,107,0
94.70358333,102.28885,7.585266667,309,407,0
94.70445,102.28925,7.5848,409,507,0
96.00445,103.5889333,7.584466667,512,110,1
96.00456667,103.5894,7.584816667,112,210,1
96.00518333,103.59025,7.585066667,412,510,1
96.00538333,103.59105,7.585666667,212,310,1
96.00575,103.5915667,7.585816667,312,410,1
97.84385,105.4295,7.58565,101,214,1
97.84385,105.4296333,7.585783333,201,314,1
97.8453,105.4303,7.585,501,114,1
97.8453,105.4305167,7.585216667,301,414,1
97.84618333,105.4309333,7.584733333,401,514,1
99.14608333,106.7305667,7.584483333,504,102,0
99.14621667,106.73105,7.584833333,104,202,0
99.14685,106.7319333,7.585083333,404,502,0
99.14705,106.7327167,7.585666667,204,302,0
99.14743333,106.73325,7.585816667,304,402,0
100.98545,108.5711333,7.585683333,108,206,0
100.98545,108.5712833,7.585816667,208,306,0
100.98695,108.5719667,7.585016667,508,106,0
100.98695,108.5721833,7.585233333,308,406,0
100.9878667,108.5726167,7.58475,408,506,0
102.2877333,109.8722,7.584483333,511,109,1
102.28785,109.8727,7.58485,111,209,1
102.2885,109.8736,7.5851,411,509,1
102.2887167,109.8744,7.585683333,211,309,1
102.2891167,109.8749667,7.58585,311,409,1
104.1271,111.7127833,7.585683333,115,213,1
104.1271,111.7129167,7.585816667,215,313,1
104.1286333,111.71385,7.585216667,315,413,1
104.12865,111.7136333,7.584983333,515,113,1
104.1295833,111.7143,7.5847,415,513,1
105.4293667,113.0138333,7.584466667,503,101,0
105.4295,113.0143333,7.584833333,103,201,0
105.4301667,113.0152667,7.5851,403,501,0
105.4303833,113.0161,7.585716667,203,301,0
105.4308,113.0166667,7.585866667,303,401,0
107.2686833,114.8545667,7.585866667,207,305,0
107.2687,114.8544167,7.585716667,107,205,0
107.2702667,114.8555167,7.58525,307,405,0
107.2702833,114.8552833,7.585016667,507,105,0
107.27125,114.8559667,7.584716667,407,505,0
108.571,116.1554333,7.584416667,510,108,1
108.57115,116.15595,7.584816667,110,208,1
108.5718333,116.1569,7.585066667,410,508,1
108.57205,116.15775,7.5857,210,308,1
108.5724833,116.1583333,7.585866667,310,408,1
110.4103667,117.9962,7.585833333,214,312,1
110.4103833,117.99605,7.585683333,114,212,1
110.412,117.9972,7.5852,314,412,1
110.4120167,117.99695,7.584933333,514,112,1
110.4130167,117.99765,7.584633333,414,512,1
111.71265,119.2970667,7.584433333,502,115,0
111.7127833,119.2976,7.584816667,102,215,0
111.7135,119.2985833,7.5851,402,515,0
111.7137167,119.29945,7.585733333,202,315,0
111.71415,119.30005,7.5859,302,415,0
113.5519667,121.1377,7.585716667,106,204,0
113.5519667,121.13785,7.585883333,206,304,0
113.55365,121.1386167,7.584966667,506,104,0
113.55365,121.1388667,7.585216667,306,404,0
113.5546833,121.1393333,7.58465,406,504,0
114.8542833,122.43865,7.584366667,509,107,1
114.8544333,122.4392,7.584766667,109,207,1
114.85515,122.4402,7.58505,409,507,1
114.8553833,122.4411,7.585716667,209,307,1
114.8558333,122.4417167,7.585883333,309,407,1
116.6935833,124.2793333,7.58575,113,211,1
116.6935833,124.2794833,7.5859,213,311,1
116.6953167,124.2802833,7.584966667,513,111,1
116.6953167,124.2805333,7.585216667,313,411,1
116.6963833,124.2810167,7.584633333,413,511,1
117.9959167,125.5802833,7.58435,501,114,0
117.9960667,125.58085,7.584766667,101,214,0
117.9968167,125.5818833,7.585066667,401,514,0
117.99705,125.5827833,7.585733333,201,314,0
117.9975167,125.5834333,7.5859,301,414,0
119.8352333,127.4209667,7.585733333,105,203,0
119.8352333,127.4211333,7.5859,205,303,0
119.837,127.4222,7.5852,305,403,0
119.8370167,127.4219333,7.584933333,505,103,0
119.8381,127.4227,7.5846,405,503,0
121.1375667,128.7219167,7.58435,508,106,1
121.1377167,128.7225,7.584783333,108,206,1
121.1384833,128.72355,7.585083333,408,506,1
121.1387333,128.7245,7.585766667,208,306,1
121.1392,128.72515,7.58595,308,406,1
122.97685,130.5626167,7.585766667,112,210,1
122.97685,130.5627833,7.585933333,212,310,1
122.9786667,130.5636,7.584933333,512,110,1
122.9786667,130.5638667,7.585216667,312,410,1
122.9797833,130.5643833,7.584583333,412,510,1
124.2792,131.8635333,7.584333333,515,113,0
124.27935,131.8641333,7.584783333,115,213,0
124.28015,131.8652167,7.585066667,415,513,0
124.2804,131.8661833,7.585783333,215,313,0
124.2808833,131.86685,7.585966667,315,413,0
126.1185,133.70425,7.58575,104,202,0
126.1185,133.7044167,7.585916667,204,302,0
126.12035,133.7055333,7.585183333,304,402,0
126.1203667,133.7052667,7.5849,504,102,0
126.1215,133.7060667,7.58455,404,502,0
127.4208333,135.00515,7.584316667,507,105,1
127.421,135.0057667,7.584766667,107,205,1
127.4218,135.0068667,7.585066667,407,505,1
127.4220667,135.00785,7.585783333,207,305,1
127.4225667,135.0085333,7.585966667,307,405,1
129.2601167,136.8460667,7.585933333,211,309,1
129.2601333,136.8458833,7.585766667,111,209,1
129.2620333,136.8472,7.585166667,311,409,1
129.26205,136.8469333,7.584883333,511,109,1
129.2632167,136.8477333,7.584533333,411,509,1
130.5624833,138.14675,7.584283333,514,112,0
130.5626333,138.1473833,7.584733333,114,212,0
130.5634667,138.1485167,7.58505,414,512,0
130.5637333,138.1495167,7.585783333,214,312,0
130.56425,138.1502167,7.585966667,314,412,0
132.40175,139.9875333,7.585783333,103,201,0
132.40175,139.9877,7.585966667,203,301,0
132.4037,139.9885833,7.584883333,503,101,0
132.4037,139.9888667,7.585183333,303,401,0
132.4049,139.9894167,7.584516667,403,501,0
133.7041167,141.2883833,7.584266667,506,104,1
133.7042833,141.2890167,7.584733333,106,204,1
133.7051333,141.2901833,7.58505,406,504,1
133.7054,141.2912167,7.585816667,206,304,1
133.7059167,141.2919333,7.586,306,404,1
135.5433667,143.12935,7.585966667,210,308,1
135.5433833,143.1291667,7.585783333,110,208,1
135.5453667,143.13055,7.585166667,310,408,1
135.5454,143.13025,7.58485,510,108,1
135.5466167,143.1311,7.584483333,410,508,1
136.84575,144.43,7.58425,513,111,0
136.8459333,144.43065,7.584733333,113,211,0
136.8467833,144.4318333,7.58505,413,511,0
136.8470667,144.4329,7.585816667,213,311,0
136.8476,144.4336167,7.586016667,313,411,0
138.6849833,146.2708,7.585816667,102,215,0
138.6849833,146.2709833,7.586,202,315,0
138.6870333,146.2722167,7.585183333,302,415,0
138.68705,146.2719167,7.584866667,502,115,0
138.6883,146.2727833,7.584483333,402,515,0
139.9873833,147.5716,7.584216667,505,103,1
139.9875667,147.5722667,7.5847,105,203,1
139.98845,147.5734833,7.585033333,405,503,1
139.9887333,147.5745667,7.585816667,205,303,1
139.9892833,147.5753,7.586016667,305,403,1
141.8266167,149.4124333,7.585816667,109,207,1
141.8266167,149.4126333,7.586016667,209,307,1
141.8287167,149.4135833,7.58485,509,107,1
141.8287167,149.4138833,7.585166667,309,407,1
141.83,149.4144667,7.58445,409,507,1
143.1290333,150.7132167,7.584183333,512,110,0
143.1292167,150.71395,7.584733333,112,210,0
143.1301167,150.7151333,7.585016667,412,510,0
143.1304167,150.7162833,7.585866667,212,310,0
143.1309667,150.71705,7.586083333,312,410,0
144.9682,152.5540833,7.585883333,101,214,0
144.9682167,152.5542667,7.58605,201,314,0
144.9703667,152.5552333,7.584866667,501,114,0
144.9703667,152.55555,7.585183333,301,414,0
144.9716833,152.55615,7.584466667,401,514,0
146.2706667,153.85485,7.584183333,504,102,1
146.27085,153.85555,7.5847,104,202,1
146.2717833,153.8568167,7.585033333,404,502,1
146.2720833,153.8579333,7.58585,204,302,1
146.27265,153.8587167,7.586066667,304,402,1
148.1098667,155.6957167,7.58585,108,206,1
148.1098667,155.6959167,7.58605,208,306,1
148.11205,155.6969,7.58485,508,106,1
148.11205,155.6972167,7.585166667,308,406,1
148.1134,155.6978333,7.584433333,408,506,1
149.4123,156.9964833,7.584183333,511,109,0
149.4125,156.9971833,7.5847,111,209,0
149.4134333,156.9984833,7.58505,411,509,0
149.41375,156.9996167,7.585866667,211,309,0
149.4143333,157.0004167,7.586083333,311,409,0
151.2515,158.83735,7.58585,115,213,0
151.2515,158.8375667,7.586066667,215,313,0
151.2537167,158.8385667,7.58485,515,113,0
151.2537333,158.8388833,7.585166667,315,413,0
151.2551167,158.8395,7.5844,415,513,0
152.55395,160.1381167,7.584166667,503,101,1
152.5541333,160.1388333,7.5847,103,201,1
152.5551,160.14015,7.58505,403,501,1
152.5554167,160.1413167,7.5859,203,301,1
152.5560167,160.1421333,7.586116667,303,401,1
154.3931167,161.979,7.585866667,107,205,1
154.3931167,161.9792,7.586083333,207,305,1
154.3954,161.9802167,7.584816667,507,105,1
154.3954,161.98055,7.585166667,307,405,1
154.3968,161.9811833,7.584383333,407,505,1
155.6955833,163.2797,7.584116667,510,108,0
155.6957833,163.2804833,7.5847,110,208,0
155.6967667,163.2817833,7.585016667,410,508,0
155.6970833,163.2830167,7.585933333,210,308,0
155.6977,163.2838333,7.58615,310,408,0
157.5347333,165.1206333,7.5859,114,212,0
157.5347333,165.12085,7.586116667,214,312,0
157.53705,165.1222333,7.585166667,314,412,0
157.5370667,165.1218833,7.584816667,514,112,0
157.5385,165.1228667,7.584383333,414,512,0
158.8372167,166.4213333,7.584116667,502,115,1
158.8374167,166.4221,7.584666667,102,215,1
158.8384333,166.4234667,7.585033333,402,515,1
158.83875,166.4246833,7.585916667,202,315,1
158.8393667,166.4255167,7.58615,302,415,1
160.6763667,168.2622667,7.5859,106,204,1
160.6763667,168.2624833,7.586116667,206,304,1
160.6787333,168.2639,7.58515,306,404,1
160.67875,168.26355,7.5848,506,104,1
160.6802167,168.26455,7.58435,406,504,1
161.9788667,169.5629667,7.5841,509,107,0
161.9790667,169.5637333,7.584666667,109,207,0
161.9800833,169.5651333,7.585033333,409,507,0
161.9804167,169.5663667,7.58595,209,307,0
161.98105,169.5672167,7.586166667,309,407,0
163.8179667,171.4039167,7.58595,113,211,0
163.8179667,171.4041333,7.586166667,213,311,0
163.8203833,171.4052167,7.584816667,513,111,0
163.8203833,171.4055667,7.585183333,313,411,0
163.8218833,171.4062333,7.58435,413,511,0
165.1205,172.7045667,7.584066667,501,114,1
165.1207167,172.70535,7.58465,101,214,1
165.12175,172.7067667,7.585016667,401,514,1
165.1220833,172.7080333,7.585933333,201,314,1
165.1227333,172.7089,7.586166667,301,414,1
166.9595833,174.54555,7.585966667,105,203,1
166.9595833,174.5457667,7.5862,205,303,1
166.96205,174.5468667,7.584816667,505,103,1
166.96205,174.5472333,7.585183333,305,403,1
166.9635667,174.5479167,7.58435,405,503,1
168.2621333,175.8462,7.584066667,508,106,0
168.26235,175.847,7.58465,108,206,0
168.2634167,175.8484333,7.585016667,408,506,0
168.2637667,175.8497167,7.585966667,208,306,0
168.2644167,175.8506167,7.5862,308,406,0
170.10125,177.6871833,7.58595,112,210,0
170.10125,177.6874167,7.586166667,212,310,0
170.10375,177.6889,7.58515,312,410,0
170.1037667,177.6885333,7.584783333,512,110,0
170.1053,177.6896,7.584283333,412,510,0
171.4037833,178.9878,7.584033333,515,113,1
171.404,178.9886167,7.584616667,115,213,1
171.4050833,178.9900833,7.585016667,415,513,1
171.4054333,178.9914,7.585966667,215,313,1
171.4061,178.9923,7.5862,315,413,1
173.2428667,180.82905,7.586183333,204,302,1
173.2428833,180.8288333,7.58595,104,202,1
173.2454333,180.8302,7.584766667,504,102,1
173.2454333,180.8305667,7.58515,304,402,1
173.2470167,180.8312833,7.584266667,404,502,1
174.5454167,182.1294333,7.584016667,507,105,0
174.5456333,182.13025,7.584616667,107,205,0
174.5467333,182.13175,7.585016667,407,505,0
174.5471,182.1330833,7.585983333,207,305,0
174.5477833,182.134,7.586216667,307,405,0
176.3845,183.9707,7.5862,211,309,0
176.3845167,183.9704667,7.58595,111,209,0
176.3871167,183.9718667,7.584733333,511,109,0
176.3871167,183.9722333,7.585133333,311,409,0
176.3887167,183.97295,7.584233333,411,509,0
177.68705,185.2710333,7.583983333,514,112,1
177.6872833,185.2718833,7.5846,114,212,1
177.6884,185.2734,7.585,414,512,1
177.6887667,185.27475,7.585983333,214,312,1
177.6894667,185.2756833,7.586233333,314,412,1
179.5261167,187.1121,7.585983333,103,201,1
179.5261167,187.11235,7.586216667,203,301,1
179.5287667,187.1139,7.585133333,303,401,1
179.5287833,187.1135167,7.58475,503,101,1
179.5304,187.1146333,7.584233333,403,501,1
180.8287,188.4126667,7.583966667,506,104,0
180.8289167,188.4135167,7.584583333,106,204,0
180.8300667,188.4150667,7.585,406,504,0
180.8304333,188.4164333,7.586,206,304,0
180.8311333,188.4173833,7.58625,306,404,0
182.6677333,190.25375,7.586,110,208,0
182.6677333,190.2539833,7.58625,210,308,0
182.6704333,190.2555833,7.58515,310,408,0
182.67045,190.2551833,7.584733333,510,108,0
182.6721,190.2563167,7.584216667,410,508,0
183.9703333,191.5542833,7.583966667,513,111,1
183.9705667,191.55515,7.5846,113,211,1
183.9717333,191.5567333,7.585,413,511,1
183.9721,191.5581333,7.586033333,213,311,1
183.9728167,191.5591,7.586283333,313,411,1
185.8093667,193.3953833,7.586,102,215,1
185.8093667,193.3956333,7.58625,202,315,1
185.8121167,193.39685,7.584716667,502,115,1
185.8121167,193.39725,7.585133333,302,415,1
185.8138167,193.398,7.584183333,402,515,1
187.1119667,194.6959333,7.583966667,505,103,0
187.1122,194.6968167,7.5846,105,203,0
187.1133833,194.6984,7.585016667,405,503,0
187.1137667,194.6998333,7.58605,205,303,0
187.1145,194.7008167,7.586316667,305,403,0
188.951,196.5370167,7.586016667,109,207,0
188.951,196.5372667,7.586266667,209,307,0
188.9537833,196.5389167,7.585133333,309,407,0
188.9538167,196.5385167,7.5847,509,107,0
188.9555167,196.5396833,7.584166667,409,507,0
190.2536,197.83755,7.583933333,512,110,1
190.25385,197.8384333,7.584583333,112,210,1
190.25505,197.8400667,7.585016667,412,510,1
190.25545,197.8415167,7.586066667,212,310,1
190.2561833,197.8425167,7.586316667,312,410,1
192.0925667,199.67865,7.586083333,101,214,1
192.0925667,199.6789167,7.58635,201,314,1
192.0954,199.6805833,7.585183333,301,414,1
192.0954167,199.6801667,7.584766667,501,114,1
192.09715,199.6813667,7.5842,401,514,1
193.39525,200.9791667,7.583916667,504,102,0
193.3955,200.9800833,7.584583333,104,202,0
193.3967167,200.9817333,7.585016667,404,502,0
193.3971167,200.9832,7.586083333,204,302,0
193.3978667,200.9842167,7.58635,304,402,0
195.23425,202.82055,7.5863,208,306,0
195.2342667,202.8203,7.586033333,108,206,0
195.2371333,202.8218333,7.5847,508,106,0
195.2371333,202.82225,7.585116667,308,406,0
195.2389,202.82305,7.58415,408,506,0
196.5368833,204.1207833,7.5839,511,109,1
196.5371333,204.1217167,7.584583333,111,209,1
196.5383833,204.1233667,7.585,411,509,1
196.5387833,204.1248667,7.586083333,211,309,1
196.53955,204.1259,7.58635,311,409,1
198.3758167,205.9622,7.586366667,215,313,1
198.3758333,205.9619333,7.5861,115,213,1
198.37875,205.9639167,7.585166667,315,413,1
198.3787667,205.9635,7.584733333,515,113,1
198.3805667,205.9647167,7.584166667,415,513,1
199.6785167,207.2623833,7.583866667,503,101,0
199.6787833,207.2633333,7.58455,103,201,0
199.6800333,207.2650333,7.585,403,501,0
199.68045,207.2665333,7.5861,203,301,0
199.6812333,207.2675833,7.586366667,303,401,0
201.5175,209.1035667,7.586066667,107,205,0
201.5175,209.1038333,7.58635,207,305,0
201.5204667,209.1055833,7.585116667,307,405,0
201.5204833,209.1051667,7.584666667,507,105,0
201.5223167,209.1064,7.5841,407,505,0
202.8201667,210.4040167,7.583866667,510,108,1
202.8204167,210.4049667,7.58455,110,208,1
202.8217,210.4067,7.585,410,508,1
202.8221167,210.4082333,7.586116667,210,308,1
202.8229167,210.4093,7.586383333,310,408,1
204.6590833,212.2452167,7.586133333,114,212,1
204.6590833,212.2454833,7.5864,214,312,1
204.6621,212.2472667,7.585166667,314,412,1
204.6621167,212.2468167,7.584716667,514,112,1
204.6639667,212.2480833,7.584116667,414,512,1
205.9618,213.5456333,7.583833333,502,115,0
205.9620667,213.5466,7.58455,102,215,0
205.9633667,213.54835,7.585,402,515,0
205.9637833,213.5499167,7.586133333,202,315,0
205.9645833,213.551,7.586416667,302,415,0
207.80075,215,7.19925,106,204,0
207.80075,215,7.19925,206,304,0
207.8037667,215,7.196233333,306,404,0
207.8038333,215,7.196166667,506,104,0
207.8057167,215,7.194283333,406,504,0
209.1034333,215,5.896566667,509,107,1
209.1037,215,5.8963,109,207,1
209.1050167,215,5.894983333,409,507,1
209.10545,215,5.89455,209,307,1
209.1062667,215,5.893733333,309,407,1
210.9423667,215,4.057633333,213,311,1
210.9423833,215,4.057616667,113,211,1
210.9454833,215,4.054516667,313,411,1
210.9455,215,4.0545,513,111,1
210.9474167,215,4.052583333,413,511,1
212.2450833,215,2.754916667,501,114,0
212.24535,215,2.75465,101,214,0
212.2466833,215,2.753316667,401,514,0
212.2471167,215,2.752883333,201,314,0
212.24795,215,2.75205,301,414,0
214.084,215,0.916,105,203,0
214.084,215,0.916,205,303,0
214.08715,215,0.91285,305,403,0
214.0871667,215,0.912833333,505,103,0
214.0891,215,0.9109,405,503,0
